Project Name,Sample Number,Station ID,Sample Description
C2018-03316,2136699,415906112485001,415906112485001 IRRIGATION WELL #5
C2018-03316,2136702,415906112485001,415906112485001 IRRIGATION WELL #5
C2018-03316,2136702,415906112485001,415906112485001 IRRIGATION WELL #5
C2018-03316,2136702,415906112485001,415906112485001 IRRIGATION WELL #5
C2018-03316,2136702,415906112485001,415906112485001 IRRIGATION WELL #5
C2018-03316,2136702,415906112485001,415906112485001 IRRIGATION WELL #5
C2018-03316,2136702,415906112485001,415906112485001 IRRIGATION WELL #5
C2018-03317,2136700,413810113562001,413810113562001 DOMESTIC WELL GROUSE CR
C2018-03317,2136703,413810113562001,413810113562001 DOMESTIC WELL GROUSE CR
C2018-03317,2136703,413810113562001,413810113562001 DOMESTIC WELL GROUSE CR
C2018-03317,2136703,413810113562001,413810113562001 DOMESTIC WELL GROUSE CR
C2018-03317,2136703,413810113562001,413810113562001 DOMESTIC WELL GROUSE CR
C2018-03317,2136703,413810113562001,413810113562001 DOMESTIC WELL GROUSE CR
C2018-03317,2136703,413810113562001,413810113562001 DOMESTIC WELL GROUSE CR
C2018-03317,2136706,413810113562001,413810113562001 DOMESTIC WELL GROUSE CR
C2018-03318,2136701,41401011351001,41401011351001 RED KNOLLS SPRING
C2018-03318,2136701,41401011351001,41401011351001 RED KNOLLS SPRING
C2018-03318,2136701,41401011351001,41401011351001 RED KNOLLS SPRING
C2018-03318,2136701,41401011351001,41401011351001 RED KNOLLS SPRING
C2018-03318,2136701,41401011351001,41401011351001 RED KNOLLS SPRING
C2018-03318,2136701,41401011351001,41401011351001 RED KNOLLS SPRING
C2018-03318,2136701,41401011351001,41401011351001 RED KNOLLS SPRING
C2018-03318,2136701,41401011351001,41401011351001 RED KNOLLS SPRING
C2018-03318,2136701,41401011351001,41401011351001 RED KNOLLS SPRING
C2018-03318,2136701,41401011351001,41401011351001 RED KNOLLS SPRING
C2018-03318,2136701,41401011351001,41401011351001 RED KNOLLS SPRING
C2018-03318,2136701,41401011351001,41401011351001 RED KNOLLS SPRING
C2018-03318,2136701,41401011351001,41401011351001 RED KNOLLS SPRING
C2018-03318,2136704,41401011351001,41401011351001 RED KNOLLS SPRING
C2018-03318,2136704,41401011351001,41401011351001 RED KNOLLS SPRING
C2018-03318,2136704,41401011351001,41401011351001 RED KNOLLS SPRING
C2018-03318,2136704,41401011351001,41401011351001 RED KNOLLS SPRING
C2018-03318,2136704,41401011351001,41401011351001 RED KNOLLS SPRING
C2018-03322,2136705,405456111522501,405456111522501 CHURCH WELL
C2018-03322,2136705,405456111522501,405456111522501 CHURCH WELL
C2018-03322,2136705,405456111522501,405456111522501 CHURCH WELL
C2018-03322,2136705,405456111522501,405456111522501 CHURCH WELL
C2018-03322,2136705,405456111522501,405456111522501 CHURCH WELL
C2018-03322,2136705,405456111522501,405456111522501 CHURCH WELL
C2018-03322,2136710,405456111522501,405456111522501 CHURCH WELL
C2018-03323,2136707,414143111495501,414143111495501 USU FARM
C2018-03462,2136698,392025110565901,01 NGWMN HUNTINGTON SPG
C2018-03785,2140650,395051112120101,WRI121 / UWR3
C2018-03785,2140650,395051112120101,WRI121 / UWR3
C2018-03785,2140650,395051112120101,WRI121 / UWR3
C2018-03785,2140650,395051112120101,WRI121 / UWR3
C2018-03785,2140650,395051112120101,WRI121 / UWR3
C2018-03785,2140650,395051112120101,WRI121 / UWR3
C2018-03785,2140650,395051112120101,WRI121 / UWR3
C2018-03785,2140650,395051112120101,WRI121 / UWR3
C2018-03785,2140650,395051112120101,WRI121 / UWR3
C2018-03785,2140650,395051112120101,WRI121 / UWR3
C2018-03785,2140650,395051112120101,WRI121 / UWR3
C2018-03785,2140650,395051112120101,WRI121 / UWR3
C2018-03785,2140650,395051112120101,WRI121 / UWR3
C2018-03785,2140654,395051112120101,WRI121 / UWR3
C2018-03785,2140654,395051112120101,WRI121 / UWR3
C2018-03785,2140654,395051112120101,WRI121 / UWR3
C2018-03785,2140654,395051112120101,WRI121 / UWR3
C2018-03785,2140654,395051112120101,WRI121 / UWR3
C2018-03786,2140651,395126112124501,WRI122 / UWR3
C2018-03786,2140651,395126112124501,WRI122 / UWR3
C2018-03786,2140651,395126112124501,WRI122 / UWR3
C2018-03786,2140651,395126112124501,WRI122 / UWR3
C2018-03786,2140651,395126112124501,WRI122 / UWR3
C2018-03786,2140651,395126112124501,WRI122 / UWR3
C2018-03786,2140651,395126112124501,WRI122 / UWR3
C2018-03786,2140651,395126112124501,WRI122 / UWR3
C2018-03786,2140651,395126112124501,WRI122 / UWR3
C2018-03786,2140651,395126112124501,WRI122 / UWR3
C2018-03786,2140651,395126112124501,WRI122 / UWR3
C2018-03786,2140651,395126112124501,WRI122 / UWR3
C2018-03786,2140651,395126112124501,WRI122 / UWR3
C2018-03786,2140655,395126112124501,WRI122 / UWR3
C2018-03786,2140655,395126112124501,WRI122 / UWR3
C2018-03786,2140655,395126112124501,WRI122 / UWR3
C2018-03786,2140655,395126112124501,WRI122 / UWR3
C2018-03786,2140655,395126112124501,WRI122 / UWR3
C2018-03787,2140652,395214112140301,WRI123 / UWR3
C2018-03787,2140652,395214112140301,WRI123 / UWR3
C2018-03787,2140652,395214112140301,WRI123 / UWR3
C2018-03787,2140652,395214112140301,WRI123 / UWR3
C2018-03787,2140652,395214112140301,WRI123 / UWR3
C2018-03787,2140652,395214112140301,WRI123 / UWR3
C2018-03787,2140652,395214112140301,WRI123 / UWR3
C2018-03787,2140652,395214112140301,WRI123 / UWR3
C2018-03787,2140652,395214112140301,WRI123 / UWR3
C2018-03787,2140652,395214112140301,WRI123 / UWR3
C2018-03787,2140652,395214112140301,WRI123 / UWR3
C2018-03787,2140652,395214112140301,WRI123 / UWR3
C2018-03787,2140652,395214112140301,WRI123 / UWR3
C2018-03787,2140656,395214112140301,WRI123 / UWR3
C2018-03787,2140656,395214112140301,WRI123 / UWR3
C2018-03787,2140656,395214112140301,WRI123 / UWR3
C2018-03787,2140656,395214112140301,WRI123 / UWR3
C2018-03787,2140656,395214112140301,WRI123 / UWR3
C2018-03788,2140653,394800112160201,WRI124 / UWR3
C2018-03788,2140653,394800112160201,WRI124 / UWR3
C2018-03788,2140653,394800112160201,WRI124 / UWR3
C2018-03788,2140653,394800112160201,WRI124 / UWR3
C2018-03788,2140653,394800112160201,WRI124 / UWR3
C2018-03788,2140653,394800112160201,WRI124 / UWR3
C2018-03788,2140653,394800112160201,WRI124 / UWR3
C2018-03788,2140653,394800112160201,WRI124 / UWR3
C2018-03788,2140653,394800112160201,WRI124 / UWR3
C2018-03788,2140653,394800112160201,WRI124 / UWR3
C2018-03788,2140653,394800112160201,WRI124 / UWR3
C2018-03788,2140653,394800112160201,WRI124 / UWR3
C2018-03788,2140653,394800112160201,WRI124 / UWR3
C2018-03788,2140657,394800112160201,WRI124 / UWR3
C2018-03788,2140657,394800112160201,WRI124 / UWR3
C2018-03788,2140657,394800112160201,WRI124 / UWR3
C2018-03788,2140657,394800112160201,WRI124 / UWR3
C2018-03788,2140657,394800112160201,WRI124 / UWR3
C2018-03845,2141062,413507113472402,KSPP1 UWR3 KEG WASH PIEZ 1C
C2018-03845,2141062,413507113472402,KSPP1 UWR3 KEG WASH PIEZ 1C
C2018-03845,2141062,413507113472402,KSPP1 UWR3 KEG WASH PIEZ 1C
C2018-03845,2141062,413507113472402,KSPP1 UWR3 KEG WASH PIEZ 1C
C2018-03845,2141062,413507113472402,KSPP1 UWR3 KEG WASH PIEZ 1C
C2018-03845,2141062,413507113472402,KSPP1 UWR3 KEG WASH PIEZ 1C
C2018-03845,2141062,413507113472402,KSPP1 UWR3 KEG WASH PIEZ 1C
C2018-03845,2141062,413507113472402,KSPP1 UWR3 KEG WASH PIEZ 1C
C2018-03845,2141062,413507113472402,KSPP1 UWR3 KEG WASH PIEZ 1C
C2018-03845,2141062,413507113472402,KSPP1 UWR3 KEG WASH PIEZ 1C
C2018-03845,2141062,413507113472402,KSPP1 UWR3 KEG WASH PIEZ 1C
C2018-03845,2141062,413507113472402,KSPP1 UWR3 KEG WASH PIEZ 1C
C2018-03845,2141062,413507113472402,KSPP1 UWR3 KEG WASH PIEZ 1C
C2018-03845,2141144,413507113472402,KSPP1 UWR3 KEG WASH PIEZ 1C
C2018-03845,2141144,413507113472402,KSPP1 UWR3 KEG WASH PIEZ 1C
C2018-03845,2141144,413507113472402,KSPP1 UWR3 KEG WASH PIEZ 1C
C2018-03845,2141144,413507113472402,KSPP1 UWR3 KEG WASH PIEZ 1C
C2018-03845,2141144,413507113472402,KSPP1 UWR3 KEG WASH PIEZ 1C
C2018-03846,2141063,413432113501602,CLSP3 UWR3 CLUSTER PIEZ 3
C2018-03846,2141063,413432113501602,CLSP3 UWR3 CLUSTER PIEZ 3
C2018-03846,2141063,413432113501602,CLSP3 UWR3 CLUSTER PIEZ 3
C2018-03846,2141063,413432113501602,CLSP3 UWR3 CLUSTER PIEZ 3
C2018-03846,2141063,413432113501602,CLSP3 UWR3 CLUSTER PIEZ 3
C2018-03846,2141063,413432113501602,CLSP3 UWR3 CLUSTER PIEZ 3
C2018-03846,2141063,413432113501602,CLSP3 UWR3 CLUSTER PIEZ 3
C2018-03846,2141063,413432113501602,CLSP3 UWR3 CLUSTER PIEZ 3
C2018-03846,2141063,413432113501602,CLSP3 UWR3 CLUSTER PIEZ 3
C2018-03846,2141063,413432113501602,CLSP3 UWR3 CLUSTER PIEZ 3
C2018-03846,2141063,413432113501602,CLSP3 UWR3 CLUSTER PIEZ 3
C2018-03846,2141063,413432113501602,CLSP3 UWR3 CLUSTER PIEZ 3
C2018-03846,2141063,413432113501602,CLSP3 UWR3 CLUSTER PIEZ 3
C2018-03846,2141145,413432113501602,CLSP3 UWR3 CLUSTER PIEZ 3
C2018-03846,2141145,413432113501602,CLSP3 UWR3 CLUSTER PIEZ 3
C2018-03846,2141145,413432113501602,CLSP3 UWR3 CLUSTER PIEZ 3
C2018-03846,2141145,413432113501602,CLSP3 UWR3 CLUSTER PIEZ 3
C2018-03846,2141145,413432113501602,CLSP3 UWR3 CLUSTER PIEZ 3
C2018-03847,2141064,394649112074301,HPST UWR3 HOP SPRING TANK
C2018-03847,2141064,394649112074301,HPST UWR3 HOP SPRING TANK
C2018-03847,2141064,394649112074301,HPST UWR3 HOP SPRING TANK
C2018-03847,2141064,394649112074301,HPST UWR3 HOP SPRING TANK
C2018-03847,2141064,394649112074301,HPST UWR3 HOP SPRING TANK
C2018-03847,2141064,394649112074301,HPST UWR3 HOP SPRING TANK
C2018-03847,2141064,394649112074301,HPST UWR3 HOP SPRING TANK
C2018-03847,2141064,394649112074301,HPST UWR3 HOP SPRING TANK
C2018-03847,2141064,394649112074301,HPST UWR3 HOP SPRING TANK
C2018-03847,2141064,394649112074301,HPST UWR3 HOP SPRING TANK
C2018-03847,2141064,394649112074301,HPST UWR3 HOP SPRING TANK
C2018-03847,2141064,394649112074301,HPST UWR3 HOP SPRING TANK
C2018-03847,2141064,394649112074301,HPST UWR3 HOP SPRING TANK
C2018-03847,2141146,394649112074301,HPST UWR3 HOP SPRING TANK
C2018-03847,2141146,394649112074301,HPST UWR3 HOP SPRING TANK
C2018-03847,2141146,394649112074301,HPST UWR3 HOP SPRING TANK
C2018-03847,2141146,394649112074301,HPST UWR3 HOP SPRING TANK
C2018-03847,2141146,394649112074301,HPST UWR3 HOP SPRING TANK
C2018-03848,2141065,413434113472602,WLSP3 UWR3 WILLOW PIEZ 3 B
C2018-03848,2141065,413434113472602,WLSP3 UWR3 WILLOW PIEZ 3 B
C2018-03848,2141065,413434113472602,WLSP3 UWR3 WILLOW PIEZ 3 B
C2018-03848,2141065,413434113472602,WLSP3 UWR3 WILLOW PIEZ 3 B
C2018-03848,2141065,413434113472602,WLSP3 UWR3 WILLOW PIEZ 3 B
C2018-03848,2141065,413434113472602,WLSP3 UWR3 WILLOW PIEZ 3 B
C2018-03848,2141065,413434113472602,WLSP3 UWR3 WILLOW PIEZ 3 B
C2018-03848,2141065,413434113472602,WLSP3 UWR3 WILLOW PIEZ 3 B
C2018-03848,2141065,413434113472602,WLSP3 UWR3 WILLOW PIEZ 3 B
C2018-03848,2141065,413434113472602,WLSP3 UWR3 WILLOW PIEZ 3 B
C2018-03848,2141065,413434113472602,WLSP3 UWR3 WILLOW PIEZ 3 B
C2018-03848,2141065,413434113472602,WLSP3 UWR3 WILLOW PIEZ 3 B
C2018-03848,2141065,413434113472602,WLSP3 UWR3 WILLOW PIEZ 3 B
C2018-03848,2141147,413434113472602,WLSP3 UWR3 WILLOW PIEZ 3 B
C2018-03848,2141147,413434113472602,WLSP3 UWR3 WILLOW PIEZ 3 B
C2018-03848,2141147,413434113472602,WLSP3 UWR3 WILLOW PIEZ 3 B
C2018-03848,2141147,413434113472602,WLSP3 UWR3 WILLOW PIEZ 3 B
C2018-03848,2141147,413434113472602,WLSP3 UWR3 WILLOW PIEZ 3 B
C2018-03849,2141066,413736113495301,SBKS UWR3 5 BEDKE SPRING
C2018-03849,2141066,413736113495301,SBKS UWR3 5 BEDKE SPRING
C2018-03849,2141066,413736113495301,SBKS UWR3 5 BEDKE SPRING
C2018-03849,2141066,413736113495301,SBKS UWR3 5 BEDKE SPRING
C2018-03849,2141066,413736113495301,SBKS UWR3 5 BEDKE SPRING
C2018-03849,2141066,413736113495301,SBKS UWR3 5 BEDKE SPRING
C2018-03849,2141066,413736113495301,SBKS UWR3 5 BEDKE SPRING
C2018-03849,2141066,413736113495301,SBKS UWR3 5 BEDKE SPRING
C2018-03849,2141066,413736113495301,SBKS UWR3 5 BEDKE SPRING
C2018-03849,2141066,413736113495301,SBKS UWR3 5 BEDKE SPRING
C2018-03849,2141066,413736113495301,SBKS UWR3 5 BEDKE SPRING
C2018-03849,2141066,413736113495301,SBKS UWR3 5 BEDKE SPRING
C2018-03849,2141066,413736113495301,SBKS UWR3 5 BEDKE SPRING
C2018-03849,2141148,413736113495301,SBKS UWR3 5 BEDKE SPRING
C2018-03849,2141148,413736113495301,SBKS UWR3 5 BEDKE SPRING
C2018-03849,2141148,413736113495301,SBKS UWR3 5 BEDKE SPRING
C2018-03849,2141148,413736113495301,SBKS UWR3 5 BEDKE SPRING
C2018-03849,2141148,413736113495301,SBKS UWR3 5 BEDKE SPRING
C2018-03853,2141070,413248114010901,CKSP UWR3 CHOKECHERRY SPRING
C2018-03853,2141070,413248114010901,CKSP UWR3 CHOKECHERRY SPRING
C2018-03853,2141070,413248114010901,CKSP UWR3 CHOKECHERRY SPRING
C2018-03853,2141070,413248114010901,CKSP UWR3 CHOKECHERRY SPRING
C2018-03853,2141070,413248114010901,CKSP UWR3 CHOKECHERRY SPRING
C2018-03853,2141070,413248114010901,CKSP UWR3 CHOKECHERRY SPRING
C2018-03853,2141070,413248114010901,CKSP UWR3 CHOKECHERRY SPRING
C2018-03853,2141070,413248114010901,CKSP UWR3 CHOKECHERRY SPRING
C2018-03853,2141070,413248114010901,CKSP UWR3 CHOKECHERRY SPRING
C2018-03853,2141070,413248114010901,CKSP UWR3 CHOKECHERRY SPRING
C2018-03853,2141070,413248114010901,CKSP UWR3 CHOKECHERRY SPRING
C2018-03853,2141070,413248114010901,CKSP UWR3 CHOKECHERRY SPRING
C2018-03853,2141070,413248114010901,CKSP UWR3 CHOKECHERRY SPRING
C2018-03853,2141167,413248114010901,CKSP UWR3 CHOKECHERRY SPRING
C2018-03853,2141167,413248114010901,CKSP UWR3 CHOKECHERRY SPRING
C2018-03853,2141167,413248114010901,CKSP UWR3 CHOKECHERRY SPRING
C2018-03853,2141167,413248114010901,CKSP UWR3 CHOKECHERRY SPRING
C2018-03853,2141167,413248114010901,CKSP UWR3 CHOKECHERRY SPRING
C2018-03855,2141071,,MISC UWR3 MCINTYRE SPRING 1C
C2018-03855,2141071,,MISC UWR3 MCINTYRE SPRING 1C
C2018-03855,2141071,,MISC UWR3 MCINTYRE SPRING 1C
C2018-03855,2141071,,MISC UWR3 MCINTYRE SPRING 1C
C2018-03855,2141071,,MISC UWR3 MCINTYRE SPRING 1C
C2018-03855,2141071,,MISC UWR3 MCINTYRE SPRING 1C
C2018-03855,2141071,,MISC UWR3 MCINTYRE SPRING 1C
C2018-03855,2141071,,MISC UWR3 MCINTYRE SPRING 1C
C2018-03855,2141071,,MISC UWR3 MCINTYRE SPRING 1C
C2018-03855,2141071,,MISC UWR3 MCINTYRE SPRING 1C
C2018-03855,2141071,,MISC UWR3 MCINTYRE SPRING 1C
C2018-03855,2141071,,MISC UWR3 MCINTYRE SPRING 1C
C2018-03855,2141071,,MISC UWR3 MCINTYRE SPRING 1C
C2018-03855,2141168,,MISC UWR3 MCINTYRE SPRING 1C
C2018-03855,2141168,,MISC UWR3 MCINTYRE SPRING 1C
C2018-03855,2141168,,MISC UWR3 MCINTYRE SPRING 1C
C2018-03855,2141168,,MISC UWR3 MCINTYRE SPRING 1C
C2018-03855,2141168,,MISC UWR3 MCINTYRE SPRING 1C
C2018-03856,2141074,413432113501601,CLSP1 UWR3 CLUSTER SPRING 1
C2018-03856,2141074,413432113501601,CLSP1 UWR3 CLUSTER SPRING 1
C2018-03856,2141074,413432113501601,CLSP1 UWR3 CLUSTER SPRING 1
C2018-03856,2141074,413432113501601,CLSP1 UWR3 CLUSTER SPRING 1
C2018-03856,2141074,413432113501601,CLSP1 UWR3 CLUSTER SPRING 1
C2018-03856,2141074,413432113501601,CLSP1 UWR3 CLUSTER SPRING 1
C2018-03856,2141074,413432113501601,CLSP1 UWR3 CLUSTER SPRING 1
C2018-03856,2141074,413432113501601,CLSP1 UWR3 CLUSTER SPRING 1
C2018-03856,2141074,413432113501601,CLSP1 UWR3 CLUSTER SPRING 1
C2018-03856,2141074,413432113501601,CLSP1 UWR3 CLUSTER SPRING 1
C2018-03856,2141074,413432113501601,CLSP1 UWR3 CLUSTER SPRING 1
C2018-03856,2141074,413432113501601,CLSP1 UWR3 CLUSTER SPRING 1
C2018-03856,2141074,413432113501601,CLSP1 UWR3 CLUSTER SPRING 1
C2018-03856,2141169,413432113501601,CLSP1 UWR3 CLUSTER SPRING 1
C2018-03856,2141169,413432113501601,CLSP1 UWR3 CLUSTER SPRING 1
C2018-03856,2141169,413432113501601,CLSP1 UWR3 CLUSTER SPRING 1
C2018-03856,2141169,413432113501601,CLSP1 UWR3 CLUSTER SPRING 1
C2018-03856,2141169,413432113501601,CLSP1 UWR3 CLUSTER SPRING 1
C2018-03883,2141068,,MIS2D UWR3 MCINTYRE SPRING 2D
C2018-03883,2141068,,MIS2D UWR3 MCINTYRE SPRING 2D
C2018-03883,2141068,,MIS2D UWR3 MCINTYRE SPRING 2D
C2018-03883,2141068,,MIS2D UWR3 MCINTYRE SPRING 2D
C2018-03883,2141068,,MIS2D UWR3 MCINTYRE SPRING 2D
C2018-03883,2141068,,MIS2D UWR3 MCINTYRE SPRING 2D
C2018-03883,2141068,,MIS2D UWR3 MCINTYRE SPRING 2D
C2018-03883,2141068,,MIS2D UWR3 MCINTYRE SPRING 2D
C2018-03883,2141068,,MIS2D UWR3 MCINTYRE SPRING 2D
C2018-03883,2141068,,MIS2D UWR3 MCINTYRE SPRING 2D
C2018-03883,2141068,,MIS2D UWR3 MCINTYRE SPRING 2D
C2018-03883,2141068,,MIS2D UWR3 MCINTYRE SPRING 2D
C2018-03883,2141068,,MIS2D UWR3 MCINTYRE SPRING 2D
C2018-03883,2141149,,MIS2D UWR3 MCINTYRE SPRING 2D
C2018-03883,2141149,,MIS2D UWR3 MCINTYRE SPRING 2D
C2018-03883,2141149,,MIS2D UWR3 MCINTYRE SPRING 2D
C2018-03883,2141149,,MIS2D UWR3 MCINTYRE SPRING 2D
C2018-03883,2141149,,MIS2D UWR3 MCINTYRE SPRING 2D
C2018-04012,2142181,392603112375001,01 NGWMN WOODROW
C2018-04012,2142181,392603112375001,01 NGWMN WOODROW
C2018-04012,2142181,392603112375001,01 NGWMN WOODROW
C2018-04012,2142181,392603112375001,01 NGWMN WOODROW
C2018-04012,2142181,392603112375001,01 NGWMN WOODROW
C2018-04012,2142181,392603112375001,01 NGWMN WOODROW
C2018-04012,2142181,392603112375001,01 NGWMN WOODROW
C2018-04012,2142181,392603112375001,01 NGWMN WOODROW
C2018-04012,2142181,392603112375001,01 NGWMN WOODROW
C2018-04014,2142215,385630112321701,03 NGWMN SQUIDIKE
C2018-04014,2142215,385630112321701,03 NGWMN SQUIDIKE
C2018-04014,2142215,385630112321701,03 NGWMN SQUIDIKE
C2018-04014,2142215,385630112321701,03 NGWMN SQUIDIKE
C2018-04014,2142215,385630112321701,03 NGWMN SQUIDIKE
C2018-04014,2142215,385630112321701,03 NGWMN SQUIDIKE
C2018-04014,2142215,385630112321701,03 NGWMN SQUIDIKE
C2018-04014,2142215,385630112321701,03 NGWMN SQUIDIKE
C2018-04014,2142215,385630112321701,03 NGWMN SQUIDIKE
C2018-04017,2142231,390714112200401,NGWMN 67-3499
C2018-04017,2142276,390714112200401,NGWMN 67-3499
C2018-04017,2142280,390714112200401,NGWMN 67-3499
C2018-04018,2142234,385822112265201,NGWMN FLOWELL WELL
C2018-04018,2142277,385822112265201,NGWMN FLOWELL WELL
C2018-04018,2142281,385822112265201,NGWMN FLOWELL WELL
C2018-04019,2142237,384610112495201,NGWMN BLACK SPRING
C2018-04019,2142278,384610112495201,NGWMN BLACK SPRING
C2018-04019,2142282,384610112495201,NGWMN BLACK SPRING
C2018-04021,2142250,400045110002901,2 NGWMN SNYDER SPG
C2018-04021,2142250,400045110002901,2 NGWMN SNYDER SPG
C2018-04021,2142250,400045110002901,2 NGWMN SNYDER SPG
C2018-04021,2142250,400045110002901,2 NGWMN SNYDER SPG
C2018-04021,2142250,400045110002901,2 NGWMN SNYDER SPG
C2018-04021,2142250,400045110002901,2 NGWMN SNYDER SPG
C2018-04021,2142250,400045110002901,2 NGWMN SNYDER SPG
C2018-04021,2142250,400045110002901,2 NGWMN SNYDER SPG
C2018-04021,2142250,400045110002901,2 NGWMN SNYDER SPG
C2018-04023,2142252,403429109370601,4 NGWMN ASHLEY FLOW
C2018-04024,2142253,400045110002901,5 NGWMN SWEETWATER
C2018-04024,2142253,400045110002901,5 NGWMN SWEETWATER
C2018-04024,2142253,400045110002901,5 NGWMN SWEETWATER
C2018-04024,2142253,400045110002901,5 NGWMN SWEETWATER
C2018-04024,2142253,400045110002901,5 NGWMN SWEETWATER
C2018-04024,2142253,400045110002901,5 NGWMN SWEETWATER
C2018-04024,2142253,400045110002901,5 NGWMN SWEETWATER
C2018-04024,2142253,400045110002901,5 NGWMN SWEETWATER
C2018-04024,2142253,400045110002901,5 NGWMN SWEETWATER
C2018-04026,2142273,394842109140101,7 NGWMN KINGS WELL
C2018-04026,2142273,394842109140101,7 NGWMN KINGS WELL
C2018-04026,2142273,394842109140101,7 NGWMN KINGS WELL
C2018-04026,2142273,394842109140101,7 NGWMN KINGS WELL
C2018-04026,2142273,394842109140101,7 NGWMN KINGS WELL
C2018-04026,2142273,394842109140101,7 NGWMN KINGS WELL
C2018-04026,2142273,394842109140101,7 NGWMN KINGS WELL
C2018-04026,2142273,394842109140101,7 NGWMN KINGS WELL
C2018-04026,2142273,394842109140101,7 NGWMN KINGS WELL
C2018-04026,2142279,394842109140101,7 NGWMN KINGS WELL
C2018-04027,2142274,395036109074301,8 NGWMN G16H USGS
C2018-04027,2142274,395036109074301,8 NGWMN G16H USGS
C2018-04027,2142274,395036109074301,8 NGWMN G16H USGS
C2018-04027,2142274,395036109074301,8 NGWMN G16H USGS
C2018-04027,2142274,395036109074301,8 NGWMN G16H USGS
C2018-04027,2142274,395036109074301,8 NGWMN G16H USGS
C2018-04027,2142274,395036109074301,8 NGWMN G16H USGS
C2018-04027,2142274,395036109074301,8 NGWMN G16H USGS
C2018-04027,2142274,395036109074301,8 NGWMN G16H USGS
C2018-04028,2142275,402906109572401,9 NGWMN WHITE ROCKS
C2018-04105,2142182,391852112332601,02 NGWMN DOMESTIC DELTA
C2018-04105,2142182,391852112332601,02 NGWMN DOMESTIC DELTA
C2018-04105,2142182,391852112332601,02 NGWMN DOMESTIC DELTA
C2018-04105,2142182,391852112332601,02 NGWMN DOMESTIC DELTA
C2018-04105,2142182,391852112332601,02 NGWMN DOMESTIC DELTA
C2018-04105,2142182,391852112332601,02 NGWMN DOMESTIC DELTA
C2018-04105,2142182,391852112332601,02 NGWMN DOMESTIC DELTA
C2018-04105,2142182,391852112332601,02 NGWMN DOMESTIC DELTA
C2018-04105,2142182,391852112332601,02 NGWMN DOMESTIC DELTA
C2018-04106,2142225,404975112573501,04 NGWMN GUARD STATION SPRING
C2018-04106,2142225,404975112573501,04 NGWMN GUARD STATION SPRING
C2018-04106,2142225,404975112573501,04 NGWMN GUARD STATION SPRING
C2018-04106,2142225,404975112573501,04 NGWMN GUARD STATION SPRING
C2018-04106,2142225,404975112573501,04 NGWMN GUARD STATION SPRING
C2018-04106,2142225,404975112573501,04 NGWMN GUARD STATION SPRING
C2018-04106,2142225,404975112573501,04 NGWMN GUARD STATION SPRING
C2018-04106,2142225,404975112573501,04 NGWMN GUARD STATION SPRING
C2018-04106,2142225,404975112573501,04 NGWMN GUARD STATION SPRING
C2018-04161,2142249,394617110175201,1 NGWMN PRICKLY PEAR
C2018-04161,2142249,394617110175201,1 NGWMN PRICKLY PEAR
C2018-04161,2142249,394617110175201,1 NGWMN PRICKLY PEAR
C2018-04161,2142249,394617110175201,1 NGWMN PRICKLY PEAR
C2018-04161,2142249,394617110175201,1 NGWMN PRICKLY PEAR
C2018-04161,2142249,394617110175201,1 NGWMN PRICKLY PEAR
C2018-04161,2142249,394617110175201,1 NGWMN PRICKLY PEAR
C2018-04161,2142249,394617110175201,1 NGWMN PRICKLY PEAR
C2018-04161,2142249,394617110175201,1 NGWMN PRICKLY PEAR
C2018-04163,2142251,395632109384801,3 NGWMN TURKEY
C2018-04163,2142251,395632109384801,3 NGWMN TURKEY
C2018-04163,2142251,395632109384801,3 NGWMN TURKEY
C2018-04163,2142251,395632109384801,3 NGWMN TURKEY
C2018-04163,2142251,395632109384801,3 NGWMN TURKEY
C2018-04163,2142251,395632109384801,3 NGWMN TURKEY
C2018-04163,2142251,395632109384801,3 NGWMN TURKEY
C2018-04163,2142251,395632109384801,3 NGWMN TURKEY
C2018-04163,2142251,395632109384801,3 NGWMN TURKEY
C2018-04165,2142272,393105109040801,6 NGWMN FATTY CANYON
C2018-04165,2142272,393105109040801,6 NGWMN FATTY CANYON
C2018-04165,2142272,393105109040801,6 NGWMN FATTY CANYON
C2018-04165,2142272,393105109040801,6 NGWMN FATTY CANYON
C2018-04165,2142272,393105109040801,6 NGWMN FATTY CANYON
C2018-04165,2142272,393105109040801,6 NGWMN FATTY CANYON
C2018-04165,2142272,393105109040801,6 NGWMN FATTY CANYON
C2018-04165,2142272,393105109040801,6 NGWMN FATTY CANYON
C2018-04165,2142272,393105109040801,6 NGWMN FATTY CANYON
C2018-04332,2143736,400758110385101,10 NGWMN STINKY SPRING
C2018-04332,2143736,400758110385101,10 NGWMN STINKY SPRING
C2018-04332,2143736,400758110385101,10 NGWMN STINKY SPRING
C2018-04332,2143736,400758110385101,10 NGWMN STINKY SPRING
C2018-04332,2143736,400758110385101,10 NGWMN STINKY SPRING
C2018-04332,2143736,400758110385101,10 NGWMN STINKY SPRING
C2018-04332,2143736,400758110385101,10 NGWMN STINKY SPRING
C2018-04332,2143736,400758110385101,10 NGWMN STINKY SPRING
C2018-04332,2143736,400758110385101,10 NGWMN STINKY SPRING
C2018-04583,2145198,395059112120501,WR125 UWR3 T53
C2018-04583,2145198,395059112120501,WR125 UWR3 T53
C2018-04583,2145198,395059112120501,WR125 UWR3 T53
C2018-04583,2145198,395059112120501,WR125 UWR3 T53
C2018-04583,2145198,395059112120501,WR125 UWR3 T53
C2018-04583,2145198,395059112120501,WR125 UWR3 T53
C2018-04583,2145198,395059112120501,WR125 UWR3 T53
C2018-04583,2145198,395059112120501,WR125 UWR3 T53
C2018-04583,2145198,395059112120501,WR125 UWR3 T53
C2018-04583,2145198,395059112120501,WR125 UWR3 T53
C2018-04583,2145198,395059112120501,WR125 UWR3 T53
C2018-04583,2145198,395059112120501,WR125 UWR3 T53
C2018-04583,2145198,395059112120501,WR125 UWR3 T53
C2018-04583,2145204,395059112120501,WR125 UWR3 T53
C2018-04583,2145204,395059112120501,WR125 UWR3 T53
C2018-04583,2145204,395059112120501,WR125 UWR3 T53
C2018-04583,2145204,395059112120501,WR125 UWR3 T53
C2018-04583,2145204,395059112120501,WR125 UWR3 T53
C2018-04584,2145199,395215112140501,WR127 UWR3 T2
C2018-04584,2145199,395215112140501,WR127 UWR3 T2
C2018-04584,2145199,395215112140501,WR127 UWR3 T2
C2018-04584,2145199,395215112140501,WR127 UWR3 T2
C2018-04584,2145199,395215112140501,WR127 UWR3 T2
C2018-04584,2145199,395215112140501,WR127 UWR3 T2
C2018-04584,2145199,395215112140501,WR127 UWR3 T2
C2018-04584,2145199,395215112140501,WR127 UWR3 T2
C2018-04584,2145199,395215112140501,WR127 UWR3 T2
C2018-04584,2145199,395215112140501,WR127 UWR3 T2
C2018-04584,2145199,395215112140501,WR127 UWR3 T2
C2018-04584,2145199,395215112140501,WR127 UWR3 T2
C2018-04584,2145199,395215112140501,WR127 UWR3 T2
C2018-04584,2145214,395215112140501,WR127 UWR3 T2
C2018-04584,2145214,395215112140501,WR127 UWR3 T2
C2018-04584,2145214,395215112140501,WR127 UWR3 T2
C2018-04584,2145214,395215112140501,WR127 UWR3 T2
C2018-04584,2145214,395215112140501,WR127 UWR3 T2
C2018-04599,2145200,394809112161101,WR126 UWR3 T34
C2018-04599,2145200,394809112161101,WR126 UWR3 T34
C2018-04599,2145200,394809112161101,WR126 UWR3 T34
C2018-04599,2145200,394809112161101,WR126 UWR3 T34
C2018-04599,2145200,394809112161101,WR126 UWR3 T34
C2018-04599,2145200,394809112161101,WR126 UWR3 T34
C2018-04599,2145200,394809112161101,WR126 UWR3 T34
C2018-04599,2145200,394809112161101,WR126 UWR3 T34
C2018-04599,2145200,394809112161101,WR126 UWR3 T34
C2018-04599,2145200,394809112161101,WR126 UWR3 T34
C2018-04599,2145200,394809112161101,WR126 UWR3 T34
C2018-04599,2145200,394809112161101,WR126 UWR3 T34
C2018-04599,2145200,394809112161101,WR126 UWR3 T34
C2018-04599,2145216,394809112161101,WR126 UWR3 T34
C2018-04599,2145216,394809112161101,WR126 UWR3 T34
C2018-04599,2145216,394809112161101,WR126 UWR3 T34
C2018-04599,2145216,394809112161101,WR126 UWR3 T34
C2018-04599,2145216,394809112161101,WR126 UWR3 T34
C2018-05069,2149343,395312113244803,NGWMN-SGZ1C FISH SPRINGS
C2018-05069,2149343,395312113244803,NGWMN-SGZ1C FISH SPRINGS
C2018-05069,2149385,395312113244803,NGWMN-SGZ1C FISH SPRINGS
C2018-05072,2149359,400216113591701,NGWMN-DWON/DWNI DOMESTIC WELL NEW IBAPAH
C2018-05072,2149390,400216113591701,NGWMN-DWON/DWNI DOMESTIC WELL NEW IBAPAH
C2018-05073,2149360,400042113571501,GWSP NGWMN GREASEWOOD SPRING USVW
C2018-05074,2149361,393210111525301,H307 NGWMN JUAB VALLEY SOUTH LEVAN WELL USWR
C2018-05074,2149361,393210111525301,H307 NGWMN JUAB VALLEY SOUTH LEVAN WELL USWR
C2018-05074,2149361,393210111525301,H307 NGWMN JUAB VALLEY SOUTH LEVAN WELL USWR
C2018-05074,2149361,393210111525301,H307 NGWMN JUAB VALLEY SOUTH LEVAN WELL USWR
C2018-05074,2149361,393210111525301,H307 NGWMN JUAB VALLEY SOUTH LEVAN WELL USWR
C2018-05074,2149361,393210111525301,H307 NGWMN JUAB VALLEY SOUTH LEVAN WELL USWR
C2018-05074,2149361,393210111525301,H307 NGWMN JUAB VALLEY SOUTH LEVAN WELL USWR
C2018-05074,2149361,393210111525301,H307 NGWMN JUAB VALLEY SOUTH LEVAN WELL USWR
C2018-05074,2149361,393210111525301,H307 NGWMN JUAB VALLEY SOUTH LEVAN WELL USWR
C2018-05074,2149361,393210111525301,H307 NGWMN JUAB VALLEY SOUTH LEVAN WELL USWR
C2018-05074,2149361,393210111525301,H307 NGWMN JUAB VALLEY SOUTH LEVAN WELL USWR
C2018-05074,2149361,393210111525301,H307 NGWMN JUAB VALLEY SOUTH LEVAN WELL USWR
C2018-05074,2149361,393210111525301,H307 NGWMN JUAB VALLEY SOUTH LEVAN WELL USWR
C2018-05074,2149391,393210111525301,H307 NGWMN JUAB VALLEY SOUTH LEVAN WELL USWR
C2018-05074,2149392,393210111525301,H307 NGWMN JUAB VALLEY SOUTH LEVAN WELL USWR
C2018-05074,2149392,393210111525301,H307 NGWMN JUAB VALLEY SOUTH LEVAN WELL USWR
C2018-05074,2149392,393210111525301,H307 NGWMN JUAB VALLEY SOUTH LEVAN WELL USWR
C2018-05074,2149392,393210111525301,H307 NGWMN JUAB VALLEY SOUTH LEVAN WELL USWR
C2018-05074,2149392,393210111525301,H307 NGWMN JUAB VALLEY SOUTH LEVAN WELL USWR
C2018-05074,2149392,393210111525301,H307 NGWMN JUAB VALLEY SOUTH LEVAN WELL USWR
C2018-05074,2149392,393210111525301,H307 NGWMN JUAB VALLEY SOUTH LEVAN WELL USWR
C2018-05074,2149392,393210111525301,H307 NGWMN JUAB VALLEY SOUTH LEVAN WELL USWR
C2018-05074,2149392,393210111525301,H307 NGWMN JUAB VALLEY SOUTH LEVAN WELL USWR
C2018-05074,2149392,393210111525301,H307 NGWMN JUAB VALLEY SOUTH LEVAN WELL USWR
C2018-05074,2149392,393210111525301,H307 NGWMN JUAB VALLEY SOUTH LEVAN WELL USWR
C2018-05074,2149392,393210111525301,H307 NGWMN JUAB VALLEY SOUTH LEVAN WELL USWR
C2018-05074,2149392,393210111525301,H307 NGWMN JUAB VALLEY SOUTH LEVAN WELL USWR
C2018-05074,2149392,393210111525301,H307 NGWMN JUAB VALLEY SOUTH LEVAN WELL USWR
C2018-05074,2149392,393210111525301,H307 NGWMN JUAB VALLEY SOUTH LEVAN WELL USWR
C2018-05074,2149392,393210111525301,H307 NGWMN JUAB VALLEY SOUTH LEVAN WELL USWR
C2018-05074,2149392,393210111525301,H307 NGWMN JUAB VALLEY SOUTH LEVAN WELL USWR
C2018-05074,2149392,393210111525301,H307 NGWMN JUAB VALLEY SOUTH LEVAN WELL USWR
C2018-05074,2149392,393210111525301,H307 NGWMN JUAB VALLEY SOUTH LEVAN WELL USWR
C2018-05074,2149392,393210111525301,H307 NGWMN JUAB VALLEY SOUTH LEVAN WELL USWR
C2018-05084,2149357,395358113424601,NGWMN-IWCN IRRIGATION WELL CALLAO NORTH
C2018-05084,2149387,395358113424601,NGWMN-IWCN IRRIGATION WELL CALLAO NORTH
C2018-05097,2149349,395300113425001,NGWMN-IWCS IRRIGATION WELL CALLAO SOUTH
C2018-05097,2149386,395300113425001,NGWMN-IWCS IRRIGATION WELL CALLAO SOUTH
C2018-05097,2149389,395300113425001,NGWMN-IWCS IRRIGATION WELL CALLAO SOUTH
C2018-05098,2149358,400219113591901,NGWMN-DWOI DOMESTIC WELL OLD IBAPAH
C2018-05098,2149388,400219113591901,NGWMN-DWOI DOMESTIC WELL OLD IBAPAH
C2018-05106,2149363,402311111251401,NGWMN-402311111251401 WALLSBURG SPRING
C2018-05107,2149365,402941111281001,NGWMN-402941111281001 MIDWAY FISH
C2018-05109,2149369,403724111133401,NGWMN-403724111133401 SAMAK FISH
C2018-05110,2149372,410353111425201,NGWMN-410353111425201 STODDARD WELL
C2018-05111,2149585,382043112402201,02 NGWMN PHILLIPS SPRING
C2018-05112,2149373,410215111392000,NGWMN-410215111392000 COMO SPRING
C2018-05113,2149586,382138113014301,01 NGWMN SOUTH MILFORD WELL
C2018-05114,2149374,404259111202301,NGWMN-404259111202301 WOODENSHOE WELL
C2018-05115,2149375,403807111284401,NGWMN-403807111284401 DEER VALLEY SPRING
C2018-05123,2149584,383858112082301,03 NGWMN NW MONROE
C2018-05123,2149587,383858112082301,03 NGWMN NW MONROE
C2018-05696,2153261,374156112112401,BC25W BRYCE CANYON UDOT
C2018-05696,2153261,374156112112401,BC25W BRYCE CANYON UDOT
C2018-05696,2153261,374156112112401,BC25W BRYCE CANYON UDOT
C2018-05696,2153261,374156112112401,BC25W BRYCE CANYON UDOT
C2018-05696,2153261,374156112112401,BC25W BRYCE CANYON UDOT
C2018-05696,2153261,374156112112401,BC25W BRYCE CANYON UDOT
C2018-05696,2153261,374156112112401,BC25W BRYCE CANYON UDOT
C2018-05696,2153261,374156112112401,BC25W BRYCE CANYON UDOT
C2018-05696,2153261,374156112112401,BC25W BRYCE CANYON UDOT
C2018-05696,2153261,374156112112401,BC25W BRYCE CANYON UDOT
C2018-05696,2153261,374156112112401,BC25W BRYCE CANYON UDOT
C2018-05696,2153261,374156112112401,BC25W BRYCE CANYON UDOT
C2018-05696,2153261,374156112112401,BC25W BRYCE CANYON UDOT
C2018-05696,2153330,374156112112401,BC25W BRYCE CANYON UDOT
C2018-05696,2153330,374156112112401,BC25W BRYCE CANYON UDOT
C2018-05696,2153330,374156112112401,BC25W BRYCE CANYON UDOT
C2018-05696,2153330,374156112112401,BC25W BRYCE CANYON UDOT
C2018-05696,2153330,374156112112401,BC25W BRYCE CANYON UDOT
C2018-05696,2153330,374156112112401,BC25W BRYCE CANYON UDOT
C2018-05697,2153256,374017112130801,BC12W BRYCE CANYON USFS DAVES HOLLOW
C2018-05697,2153256,374017112130801,BC12W BRYCE CANYON USFS DAVES HOLLOW
C2018-05697,2153256,374017112130801,BC12W BRYCE CANYON USFS DAVES HOLLOW
C2018-05697,2153256,374017112130801,BC12W BRYCE CANYON USFS DAVES HOLLOW
C2018-05697,2153256,374017112130801,BC12W BRYCE CANYON USFS DAVES HOLLOW
C2018-05697,2153256,374017112130801,BC12W BRYCE CANYON USFS DAVES HOLLOW
C2018-05697,2153256,374017112130801,BC12W BRYCE CANYON USFS DAVES HOLLOW
C2018-05697,2153256,374017112130801,BC12W BRYCE CANYON USFS DAVES HOLLOW
C2018-05697,2153256,374017112130801,BC12W BRYCE CANYON USFS DAVES HOLLOW
C2018-05697,2153256,374017112130801,BC12W BRYCE CANYON USFS DAVES HOLLOW
C2018-05697,2153256,374017112130801,BC12W BRYCE CANYON USFS DAVES HOLLOW
C2018-05697,2153256,374017112130801,BC12W BRYCE CANYON USFS DAVES HOLLOW
C2018-05697,2153256,374017112130801,BC12W BRYCE CANYON USFS DAVES HOLLOW
C2018-05697,2153325,374017112130801,BC12W BRYCE CANYON USFS DAVES HOLLOW
C2018-05697,2153325,374017112130801,BC12W BRYCE CANYON USFS DAVES HOLLOW
C2018-05697,2153325,374017112130801,BC12W BRYCE CANYON USFS DAVES HOLLOW
C2018-05697,2153325,374017112130801,BC12W BRYCE CANYON USFS DAVES HOLLOW
C2018-05697,2153325,374017112130801,BC12W BRYCE CANYON USFS DAVES HOLLOW
C2018-05698,2153257,373647112154301,BC19W BRYCE CANYON KINGS LG
C2018-05698,2153257,373647112154301,BC19W BRYCE CANYON KINGS LG
C2018-05698,2153257,373647112154301,BC19W BRYCE CANYON KINGS LG
C2018-05698,2153257,373647112154301,BC19W BRYCE CANYON KINGS LG
C2018-05698,2153257,373647112154301,BC19W BRYCE CANYON KINGS LG
C2018-05698,2153257,373647112154301,BC19W BRYCE CANYON KINGS LG
C2018-05698,2153257,373647112154301,BC19W BRYCE CANYON KINGS LG
C2018-05698,2153257,373647112154301,BC19W BRYCE CANYON KINGS LG
C2018-05698,2153257,373647112154301,BC19W BRYCE CANYON KINGS LG
C2018-05698,2153257,373647112154301,BC19W BRYCE CANYON KINGS LG
C2018-05698,2153257,373647112154301,BC19W BRYCE CANYON KINGS LG
C2018-05698,2153257,373647112154301,BC19W BRYCE CANYON KINGS LG
C2018-05698,2153257,373647112154301,BC19W BRYCE CANYON KINGS LG
C2018-05698,2153326,373647112154301,BC19W BRYCE CANYON KINGS LG
C2018-05698,2153326,373647112154301,BC19W BRYCE CANYON KINGS LG
C2018-05698,2153326,373647112154301,BC19W BRYCE CANYON KINGS LG
C2018-05698,2153326,373647112154301,BC19W BRYCE CANYON KINGS LG
C2018-05698,2153326,373647112154301,BC19W BRYCE CANYON KINGS LG
C2018-05698,2153326,373647112154301,BC19W BRYCE CANYON KINGS LG
C2018-05699,2153258,374138112103101,BC21W BRYCE CANYON RUBY2
C2018-05699,2153258,374138112103101,BC21W BRYCE CANYON RUBY2
C2018-05699,2153258,374138112103101,BC21W BRYCE CANYON RUBY2
C2018-05699,2153258,374138112103101,BC21W BRYCE CANYON RUBY2
C2018-05699,2153258,374138112103101,BC21W BRYCE CANYON RUBY2
C2018-05699,2153258,374138112103101,BC21W BRYCE CANYON RUBY2
C2018-05699,2153258,374138112103101,BC21W BRYCE CANYON RUBY2
C2018-05699,2153258,374138112103101,BC21W BRYCE CANYON RUBY2
C2018-05699,2153258,374138112103101,BC21W BRYCE CANYON RUBY2
C2018-05699,2153258,374138112103101,BC21W BRYCE CANYON RUBY2
C2018-05699,2153258,374138112103101,BC21W BRYCE CANYON RUBY2
C2018-05699,2153258,374138112103101,BC21W BRYCE CANYON RUBY2
C2018-05699,2153258,374138112103101,BC21W BRYCE CANYON RUBY2
C2018-05700,2153259,374138112103102,BC22W BRYCE CANYON  RUBY 3
C2018-05700,2153259,374138112103102,BC22W BRYCE CANYON  RUBY 3
C2018-05700,2153259,374138112103102,BC22W BRYCE CANYON  RUBY 3
C2018-05700,2153259,374138112103102,BC22W BRYCE CANYON  RUBY 3
C2018-05700,2153259,374138112103102,BC22W BRYCE CANYON  RUBY 3
C2018-05700,2153259,374138112103102,BC22W BRYCE CANYON  RUBY 3
C2018-05700,2153259,374138112103102,BC22W BRYCE CANYON  RUBY 3
C2018-05700,2153259,374138112103102,BC22W BRYCE CANYON  RUBY 3
C2018-05700,2153259,374138112103102,BC22W BRYCE CANYON  RUBY 3
C2018-05700,2153259,374138112103102,BC22W BRYCE CANYON  RUBY 3
C2018-05700,2153259,374138112103102,BC22W BRYCE CANYON  RUBY 3
C2018-05700,2153259,374138112103102,BC22W BRYCE CANYON  RUBY 3
C2018-05700,2153259,374138112103102,BC22W BRYCE CANYON  RUBY 3
C2018-05701,2153260,374116112083901,BC7W BRYCE CANYON RUBY 4
C2018-05701,2153260,374116112083901,BC7W BRYCE CANYON RUBY 4
C2018-05701,2153260,374116112083901,BC7W BRYCE CANYON RUBY 4
C2018-05701,2153260,374116112083901,BC7W BRYCE CANYON RUBY 4
C2018-05701,2153260,374116112083901,BC7W BRYCE CANYON RUBY 4
C2018-05701,2153260,374116112083901,BC7W BRYCE CANYON RUBY 4
C2018-05701,2153260,374116112083901,BC7W BRYCE CANYON RUBY 4
C2018-05701,2153260,374116112083901,BC7W BRYCE CANYON RUBY 4
C2018-05701,2153260,374116112083901,BC7W BRYCE CANYON RUBY 4
C2018-05701,2153260,374116112083901,BC7W BRYCE CANYON RUBY 4
C2018-05701,2153260,374116112083901,BC7W BRYCE CANYON RUBY 4
C2018-05701,2153260,374116112083901,BC7W BRYCE CANYON RUBY 4
C2018-05701,2153260,374116112083901,BC7W BRYCE CANYON RUBY 4
C2018-05701,2153329,374116112083901,BC7W BRYCE CANYON RUBY 4
C2018-05701,2153329,374116112083901,BC7W BRYCE CANYON RUBY 4
C2018-05701,2153329,374116112083901,BC7W BRYCE CANYON RUBY 4
C2018-05701,2153329,374116112083901,BC7W BRYCE CANYON RUBY 4
C2018-05701,2153329,374116112083901,BC7W BRYCE CANYON RUBY 4
C2018-05701,2153329,374116112083901,BC7W BRYCE CANYON RUBY 4
C2018-05702,2153262,374159112121001,BC26W BRYCE CANYON RICH
C2018-05702,2153262,374159112121001,BC26W BRYCE CANYON RICH
C2018-05702,2153262,374159112121001,BC26W BRYCE CANYON RICH
C2018-05702,2153262,374159112121001,BC26W BRYCE CANYON RICH
C2018-05702,2153262,374159112121001,BC26W BRYCE CANYON RICH
C2018-05702,2153262,374159112121001,BC26W BRYCE CANYON RICH
C2018-05702,2153262,374159112121001,BC26W BRYCE CANYON RICH
C2018-05702,2153262,374159112121001,BC26W BRYCE CANYON RICH
C2018-05702,2153262,374159112121001,BC26W BRYCE CANYON RICH
C2018-05702,2153262,374159112121001,BC26W BRYCE CANYON RICH
C2018-05702,2153262,374159112121001,BC26W BRYCE CANYON RICH
C2018-05702,2153262,374159112121001,BC26W BRYCE CANYON RICH
C2018-05702,2153262,374159112121001,BC26W BRYCE CANYON RICH
C2018-05702,2153331,374159112121001,BC26W BRYCE CANYON RICH
C2018-05702,2153331,374159112121001,BC26W BRYCE CANYON RICH
C2018-05702,2153331,374159112121001,BC26W BRYCE CANYON RICH
C2018-05702,2153331,374159112121001,BC26W BRYCE CANYON RICH
C2018-05702,2153331,374159112121001,BC26W BRYCE CANYON RICH
C2018-05702,2153331,374159112121001,BC26W BRYCE CANYON RICH
C2018-05703,2153263,374124112135501,BC13W BRYCE CANYON POE
C2018-05703,2153263,374124112135501,BC13W BRYCE CANYON POE
C2018-05703,2153263,374124112135501,BC13W BRYCE CANYON POE
C2018-05703,2153263,374124112135501,BC13W BRYCE CANYON POE
C2018-05703,2153263,374124112135501,BC13W BRYCE CANYON POE
C2018-05703,2153263,374124112135501,BC13W BRYCE CANYON POE
C2018-05703,2153263,374124112135501,BC13W BRYCE CANYON POE
C2018-05703,2153263,374124112135501,BC13W BRYCE CANYON POE
C2018-05703,2153263,374124112135501,BC13W BRYCE CANYON POE
C2018-05703,2153263,374124112135501,BC13W BRYCE CANYON POE
C2018-05703,2153263,374124112135501,BC13W BRYCE CANYON POE
C2018-05703,2153263,374124112135501,BC13W BRYCE CANYON POE
C2018-05703,2153263,374124112135501,BC13W BRYCE CANYON POE
C2018-05703,2153339,374124112135501,BC13W BRYCE CANYON POE
C2018-05703,2153339,374124112135501,BC13W BRYCE CANYON POE
C2018-05703,2153339,374124112135501,BC13W BRYCE CANYON POE
C2018-05703,2153339,374124112135501,BC13W BRYCE CANYON POE
C2018-05703,2153339,374124112135501,BC13W BRYCE CANYON POE
C2018-05703,2153339,374124112135501,BC13W BRYCE CANYON POE
C2018-05704,2153264,373639112152101,BC2S BRYCE CANYON TROPIC 1
C2018-05704,2153264,373639112152101,BC2S BRYCE CANYON TROPIC 1
C2018-05704,2153264,373639112152101,BC2S BRYCE CANYON TROPIC 1
C2018-05704,2153264,373639112152101,BC2S BRYCE CANYON TROPIC 1
C2018-05704,2153264,373639112152101,BC2S BRYCE CANYON TROPIC 1
C2018-05704,2153264,373639112152101,BC2S BRYCE CANYON TROPIC 1
C2018-05704,2153264,373639112152101,BC2S BRYCE CANYON TROPIC 1
C2018-05704,2153264,373639112152101,BC2S BRYCE CANYON TROPIC 1
C2018-05704,2153264,373639112152101,BC2S BRYCE CANYON TROPIC 1
C2018-05704,2153264,373639112152101,BC2S BRYCE CANYON TROPIC 1
C2018-05704,2153264,373639112152101,BC2S BRYCE CANYON TROPIC 1
C2018-05704,2153264,373639112152101,BC2S BRYCE CANYON TROPIC 1
C2018-05704,2153264,373639112152101,BC2S BRYCE CANYON TROPIC 1
C2018-05704,2153344,373639112152101,BC2S BRYCE CANYON TROPIC 1
C2018-05704,2153344,373639112152101,BC2S BRYCE CANYON TROPIC 1
C2018-05704,2153344,373639112152101,BC2S BRYCE CANYON TROPIC 1
C2018-05704,2153344,373639112152101,BC2S BRYCE CANYON TROPIC 1
C2018-05704,2153344,373639112152101,BC2S BRYCE CANYON TROPIC 1
C2018-05705,2153265,373629112151801,BC4S BRYCE CANYON TROPIC 2
C2018-05705,2153265,373629112151801,BC4S BRYCE CANYON TROPIC 2
C2018-05705,2153265,373629112151801,BC4S BRYCE CANYON TROPIC 2
C2018-05705,2153265,373629112151801,BC4S BRYCE CANYON TROPIC 2
C2018-05705,2153265,373629112151801,BC4S BRYCE CANYON TROPIC 2
C2018-05705,2153265,373629112151801,BC4S BRYCE CANYON TROPIC 2
C2018-05705,2153265,373629112151801,BC4S BRYCE CANYON TROPIC 2
C2018-05705,2153265,373629112151801,BC4S BRYCE CANYON TROPIC 2
C2018-05705,2153265,373629112151801,BC4S BRYCE CANYON TROPIC 2
C2018-05705,2153265,373629112151801,BC4S BRYCE CANYON TROPIC 2
C2018-05705,2153265,373629112151801,BC4S BRYCE CANYON TROPIC 2
C2018-05705,2153265,373629112151801,BC4S BRYCE CANYON TROPIC 2
C2018-05705,2153265,373629112151801,BC4S BRYCE CANYON TROPIC 2
C2018-05706,2153266,374202112074701,BC3S BRYCE CANYON HATCH
C2018-05706,2153266,374202112074701,BC3S BRYCE CANYON HATCH
C2018-05706,2153266,374202112074701,BC3S BRYCE CANYON HATCH
C2018-05706,2153266,374202112074701,BC3S BRYCE CANYON HATCH
C2018-05706,2153266,374202112074701,BC3S BRYCE CANYON HATCH
C2018-05706,2153266,374202112074701,BC3S BRYCE CANYON HATCH
C2018-05706,2153266,374202112074701,BC3S BRYCE CANYON HATCH
C2018-05706,2153266,374202112074701,BC3S BRYCE CANYON HATCH
C2018-05706,2153266,374202112074701,BC3S BRYCE CANYON HATCH
C2018-05706,2153266,374202112074701,BC3S BRYCE CANYON HATCH
C2018-05706,2153266,374202112074701,BC3S BRYCE CANYON HATCH
C2018-05706,2153266,374202112074701,BC3S BRYCE CANYON HATCH
C2018-05706,2153266,374202112074701,BC3S BRYCE CANYON HATCH
C2018-05706,2153345,374202112074701,BC3S BRYCE CANYON HATCH
C2018-05706,2153345,374202112074701,BC3S BRYCE CANYON HATCH
C2018-05706,2153345,374202112074701,BC3S BRYCE CANYON HATCH
C2018-05706,2153345,374202112074701,BC3S BRYCE CANYON HATCH
C2018-05706,2153345,374202112074701,BC3S BRYCE CANYON HATCH
C2018-05706,2153345,374202112074701,BC3S BRYCE CANYON HATCH
C2018-05707,2153267,374500112023001,BC6S BRYCE CANYON DRIPPING VAT
C2018-05707,2153267,374500112023001,BC6S BRYCE CANYON DRIPPING VAT
C2018-05707,2153267,374500112023001,BC6S BRYCE CANYON DRIPPING VAT
C2018-05707,2153267,374500112023001,BC6S BRYCE CANYON DRIPPING VAT
C2018-05707,2153267,374500112023001,BC6S BRYCE CANYON DRIPPING VAT
C2018-05707,2153267,374500112023001,BC6S BRYCE CANYON DRIPPING VAT
C2018-05707,2153267,374500112023001,BC6S BRYCE CANYON DRIPPING VAT
C2018-05707,2153267,374500112023001,BC6S BRYCE CANYON DRIPPING VAT
C2018-05707,2153267,374500112023001,BC6S BRYCE CANYON DRIPPING VAT
C2018-05707,2153267,374500112023001,BC6S BRYCE CANYON DRIPPING VAT
C2018-05707,2153267,374500112023001,BC6S BRYCE CANYON DRIPPING VAT
C2018-05707,2153267,374500112023001,BC6S BRYCE CANYON DRIPPING VAT
C2018-05707,2153267,374500112023001,BC6S BRYCE CANYON DRIPPING VAT
C2018-05707,2153346,374500112023001,BC6S BRYCE CANYON DRIPPING VAT
C2018-05707,2153346,374500112023001,BC6S BRYCE CANYON DRIPPING VAT
C2018-05707,2153346,374500112023001,BC6S BRYCE CANYON DRIPPING VAT
C2018-05707,2153346,374500112023001,BC6S BRYCE CANYON DRIPPING VAT
C2018-05707,2153346,374500112023001,BC6S BRYCE CANYON DRIPPING VAT
C2018-05708,2153268,374236112092501,BC27W BRYCE CANYON AIRPORT
C2018-05708,2153268,374236112092501,BC27W BRYCE CANYON AIRPORT
C2018-05708,2153268,374236112092501,BC27W BRYCE CANYON AIRPORT
C2018-05708,2153268,374236112092501,BC27W BRYCE CANYON AIRPORT
C2018-05708,2153268,374236112092501,BC27W BRYCE CANYON AIRPORT
C2018-05708,2153268,374236112092501,BC27W BRYCE CANYON AIRPORT
C2018-05708,2153268,374236112092501,BC27W BRYCE CANYON AIRPORT
C2018-05708,2153268,374236112092501,BC27W BRYCE CANYON AIRPORT
C2018-05708,2153268,374236112092501,BC27W BRYCE CANYON AIRPORT
C2018-05708,2153268,374236112092501,BC27W BRYCE CANYON AIRPORT
C2018-05708,2153268,374236112092501,BC27W BRYCE CANYON AIRPORT
C2018-05708,2153268,374236112092501,BC27W BRYCE CANYON AIRPORT
C2018-05708,2153268,374236112092501,BC27W BRYCE CANYON AIRPORT
C2018-05708,2153347,374236112092501,BC27W BRYCE CANYON AIRPORT
C2018-05708,2153347,374236112092501,BC27W BRYCE CANYON AIRPORT
C2018-05708,2153347,374236112092501,BC27W BRYCE CANYON AIRPORT
C2018-05708,2153347,374236112092501,BC27W BRYCE CANYON AIRPORT
C2018-05708,2153347,374236112092501,BC27W BRYCE CANYON AIRPORT
C2018-05708,2153347,374236112092501,BC27W BRYCE CANYON AIRPORT
C2018-05709,2153269,374750112043401,BC28W BRYCE CANYON LANDFILL
C2018-05709,2153269,374750112043401,BC28W BRYCE CANYON LANDFILL
C2018-05709,2153269,374750112043401,BC28W BRYCE CANYON LANDFILL
C2018-05709,2153269,374750112043401,BC28W BRYCE CANYON LANDFILL
C2018-05709,2153269,374750112043401,BC28W BRYCE CANYON LANDFILL
C2018-05709,2153269,374750112043401,BC28W BRYCE CANYON LANDFILL
C2018-05709,2153269,374750112043401,BC28W BRYCE CANYON LANDFILL
C2018-05709,2153269,374750112043401,BC28W BRYCE CANYON LANDFILL
C2018-05709,2153269,374750112043401,BC28W BRYCE CANYON LANDFILL
C2018-05709,2153269,374750112043401,BC28W BRYCE CANYON LANDFILL
C2018-05709,2153269,374750112043401,BC28W BRYCE CANYON LANDFILL
C2018-05709,2153269,374750112043401,BC28W BRYCE CANYON LANDFILL
C2018-05709,2153269,374750112043401,BC28W BRYCE CANYON LANDFILL
C2018-05710,2153270,374801112042101,BC29W BRYCE CANYON LANDFILL 2
C2018-05710,2153270,374801112042101,BC29W BRYCE CANYON LANDFILL 2
C2018-05710,2153270,374801112042101,BC29W BRYCE CANYON LANDFILL 2
C2018-05710,2153270,374801112042101,BC29W BRYCE CANYON LANDFILL 2
C2018-05710,2153270,374801112042101,BC29W BRYCE CANYON LANDFILL 2
C2018-05710,2153270,374801112042101,BC29W BRYCE CANYON LANDFILL 2
C2018-05710,2153270,374801112042101,BC29W BRYCE CANYON LANDFILL 2
C2018-05710,2153270,374801112042101,BC29W BRYCE CANYON LANDFILL 2
C2018-05710,2153270,374801112042101,BC29W BRYCE CANYON LANDFILL 2
C2018-05710,2153270,374801112042101,BC29W BRYCE CANYON LANDFILL 2
C2018-05710,2153270,374801112042101,BC29W BRYCE CANYON LANDFILL 2
C2018-05710,2153270,374801112042101,BC29W BRYCE CANYON LANDFILL 2
C2018-05710,2153270,374801112042101,BC29W BRYCE CANYON LANDFILL 2
C2018-05710,2153353,374801112042101,BC29W BRYCE CANYON LANDFILL 2
C2018-05710,2153353,374801112042101,BC29W BRYCE CANYON LANDFILL 2
C2018-05710,2153353,374801112042101,BC29W BRYCE CANYON LANDFILL 2
C2018-05710,2153353,374801112042101,BC29W BRYCE CANYON LANDFILL 2
C2018-05710,2153353,374801112042101,BC29W BRYCE CANYON LANDFILL 2
C2018-05711,2153271,374759112040101,BC30W BRYCE CANYON LANDFILL 3
C2018-05711,2153271,374759112040101,BC30W BRYCE CANYON LANDFILL 3
C2018-05711,2153271,374759112040101,BC30W BRYCE CANYON LANDFILL 3
C2018-05711,2153271,374759112040101,BC30W BRYCE CANYON LANDFILL 3
C2018-05711,2153271,374759112040101,BC30W BRYCE CANYON LANDFILL 3
C2018-05711,2153271,374759112040101,BC30W BRYCE CANYON LANDFILL 3
C2018-05711,2153271,374759112040101,BC30W BRYCE CANYON LANDFILL 3
C2018-05711,2153271,374759112040101,BC30W BRYCE CANYON LANDFILL 3
C2018-05711,2153271,374759112040101,BC30W BRYCE CANYON LANDFILL 3
C2018-05711,2153271,374759112040101,BC30W BRYCE CANYON LANDFILL 3
C2018-05711,2153271,374759112040101,BC30W BRYCE CANYON LANDFILL 3
C2018-05711,2153271,374759112040101,BC30W BRYCE CANYON LANDFILL 3
C2018-05711,2153271,374759112040101,BC30W BRYCE CANYON LANDFILL 3
C2018-05711,2153355,374759112040101,BC30W BRYCE CANYON LANDFILL 3
C2018-05711,2153355,374759112040101,BC30W BRYCE CANYON LANDFILL 3
C2018-05711,2153355,374759112040101,BC30W BRYCE CANYON LANDFILL 3
C2018-05711,2153355,374759112040101,BC30W BRYCE CANYON LANDFILL 3
C2018-05711,2153355,374759112040101,BC30W BRYCE CANYON LANDFILL 3
C2018-05712,2153272,374855112054701,BC31S BRYCE CANYON TOMBEST SPRING
C2018-05712,2153272,374855112054701,BC31S BRYCE CANYON TOMBEST SPRING
C2018-05712,2153272,374855112054701,BC31S BRYCE CANYON TOMBEST SPRING
C2018-05712,2153272,374855112054701,BC31S BRYCE CANYON TOMBEST SPRING
C2018-05712,2153272,374855112054701,BC31S BRYCE CANYON TOMBEST SPRING
C2018-05712,2153272,374855112054701,BC31S BRYCE CANYON TOMBEST SPRING
C2018-05712,2153272,374855112054701,BC31S BRYCE CANYON TOMBEST SPRING
C2018-05712,2153272,374855112054701,BC31S BRYCE CANYON TOMBEST SPRING
C2018-05712,2153272,374855112054701,BC31S BRYCE CANYON TOMBEST SPRING
C2018-05712,2153272,374855112054701,BC31S BRYCE CANYON TOMBEST SPRING
C2018-05712,2153272,374855112054701,BC31S BRYCE CANYON TOMBEST SPRING
C2018-05712,2153272,374855112054701,BC31S BRYCE CANYON TOMBEST SPRING
C2018-05712,2153272,374855112054701,BC31S BRYCE CANYON TOMBEST SPRING
C2018-05712,2153356,374855112054701,BC31S BRYCE CANYON TOMBEST SPRING
C2018-05712,2153356,374855112054701,BC31S BRYCE CANYON TOMBEST SPRING
C2018-05712,2153356,374855112054701,BC31S BRYCE CANYON TOMBEST SPRING
C2018-05712,2153356,374855112054701,BC31S BRYCE CANYON TOMBEST SPRING
C2018-05712,2153356,374855112054701,BC31S BRYCE CANYON TOMBEST SPRING
C2018-05713,2153273,374548112142201,BC17S BRYCE CANYON UPPER BERRY SPG
C2018-05713,2153273,374548112142201,BC17S BRYCE CANYON UPPER BERRY SPG
C2018-05713,2153273,374548112142201,BC17S BRYCE CANYON UPPER BERRY SPG
C2018-05713,2153273,374548112142201,BC17S BRYCE CANYON UPPER BERRY SPG
C2018-05713,2153273,374548112142201,BC17S BRYCE CANYON UPPER BERRY SPG
C2018-05713,2153273,374548112142201,BC17S BRYCE CANYON UPPER BERRY SPG
C2018-05713,2153273,374548112142201,BC17S BRYCE CANYON UPPER BERRY SPG
C2018-05713,2153273,374548112142201,BC17S BRYCE CANYON UPPER BERRY SPG
C2018-05713,2153273,374548112142201,BC17S BRYCE CANYON UPPER BERRY SPG
C2018-05713,2153273,374548112142201,BC17S BRYCE CANYON UPPER BERRY SPG
C2018-05713,2153273,374548112142201,BC17S BRYCE CANYON UPPER BERRY SPG
C2018-05713,2153273,374548112142201,BC17S BRYCE CANYON UPPER BERRY SPG
C2018-05713,2153273,374548112142201,BC17S BRYCE CANYON UPPER BERRY SPG
C2018-05713,2153358,374548112142201,BC17S BRYCE CANYON UPPER BERRY SPG
C2018-05713,2153358,374548112142201,BC17S BRYCE CANYON UPPER BERRY SPG
C2018-05713,2153358,374548112142201,BC17S BRYCE CANYON UPPER BERRY SPG
C2018-05713,2153358,374548112142201,BC17S BRYCE CANYON UPPER BERRY SPG
C2018-05713,2153358,374548112142201,BC17S BRYCE CANYON UPPER BERRY SPG
C2018-05714,2153296,374410112133001,BC15S BRYCE CANYON LOW BERRY SPG
C2018-05714,2153296,374410112133001,BC15S BRYCE CANYON LOW BERRY SPG
C2018-05714,2153296,374410112133001,BC15S BRYCE CANYON LOW BERRY SPG
C2018-05714,2153296,374410112133001,BC15S BRYCE CANYON LOW BERRY SPG
C2018-05714,2153296,374410112133001,BC15S BRYCE CANYON LOW BERRY SPG
C2018-05714,2153296,374410112133001,BC15S BRYCE CANYON LOW BERRY SPG
C2018-05714,2153296,374410112133001,BC15S BRYCE CANYON LOW BERRY SPG
C2018-05714,2153296,374410112133001,BC15S BRYCE CANYON LOW BERRY SPG
C2018-05714,2153296,374410112133001,BC15S BRYCE CANYON LOW BERRY SPG
C2018-05714,2153296,374410112133001,BC15S BRYCE CANYON LOW BERRY SPG
C2018-05714,2153296,374410112133001,BC15S BRYCE CANYON LOW BERRY SPG
C2018-05714,2153296,374410112133001,BC15S BRYCE CANYON LOW BERRY SPG
C2018-05714,2153296,374410112133001,BC15S BRYCE CANYON LOW BERRY SPG
C2018-05714,2153359,374410112133001,BC15S BRYCE CANYON LOW BERRY SPG
C2018-05714,2153359,374410112133001,BC15S BRYCE CANYON LOW BERRY SPG
C2018-05714,2153359,374410112133001,BC15S BRYCE CANYON LOW BERRY SPG
C2018-05714,2153359,374410112133001,BC15S BRYCE CANYON LOW BERRY SPG
C2018-05714,2153359,374410112133001,BC15S BRYCE CANYON LOW BERRY SPG
C2018-05716,2153327,374138112103101,BC21W BRYCE CANYON RUBY 2
C2018-05716,2153327,374138112103101,BC21W BRYCE CANYON RUBY 2
C2018-05716,2153327,374138112103101,BC21W BRYCE CANYON RUBY 2
C2018-05716,2153327,374138112103101,BC21W BRYCE CANYON RUBY 2
C2018-05716,2153327,374138112103101,BC21W BRYCE CANYON RUBY 2
C2018-05716,2153327,374138112103101,BC21W BRYCE CANYON RUBY 2
C2018-05717,2153328,374138112103101,BC22W BRYCE CANYON RUBY 3
C2018-05717,2153328,374138112103101,BC22W BRYCE CANYON RUBY 3
C2018-05717,2153328,374138112103101,BC22W BRYCE CANYON RUBY 3
C2018-05717,2153328,374138112103101,BC22W BRYCE CANYON RUBY 3
C2018-05717,2153328,374138112103101,BC22W BRYCE CANYON RUBY 3
C2018-05717,2153328,374138112103101,BC22W BRYCE CANYON RUBY 3
C2018-05719,2153352,374750112043401,BC28W BRYCE CANYON LANDFILL 1
C2018-05719,2153352,374750112043401,BC28W BRYCE CANYON LANDFILL 1
C2018-05719,2153352,374750112043401,BC28W BRYCE CANYON LANDFILL 1
C2018-05719,2153352,374750112043401,BC28W BRYCE CANYON LANDFILL 1
C2018-05719,2153352,374750112043401,BC28W BRYCE CANYON LANDFILL 1
C2018-05894,2154546,394724112104701,RSP3C VWR3 RRS P3C
C2018-05894,2154546,394724112104701,RSP3C VWR3 RRS P3C
C2018-05894,2154546,394724112104701,RSP3C VWR3 RRS P3C
C2018-05894,2154546,394724112104701,RSP3C VWR3 RRS P3C
C2018-05894,2154546,394724112104701,RSP3C VWR3 RRS P3C
C2018-05894,2154546,394724112104701,RSP3C VWR3 RRS P3C
C2018-05894,2154546,394724112104701,RSP3C VWR3 RRS P3C
C2018-05894,2154546,394724112104701,RSP3C VWR3 RRS P3C
C2018-05894,2154546,394724112104701,RSP3C VWR3 RRS P3C
C2018-05894,2154546,394724112104701,RSP3C VWR3 RRS P3C
C2018-05894,2154546,394724112104701,RSP3C VWR3 RRS P3C
C2018-05894,2154546,394724112104701,RSP3C VWR3 RRS P3C
C2018-05894,2154546,394724112104701,RSP3C VWR3 RRS P3C
C2018-05894,2154558,394724112104701,RSP3C VWR3 RRS P3C
C2018-05894,2154558,394724112104701,RSP3C VWR3 RRS P3C
C2018-05894,2154558,394724112104701,RSP3C VWR3 RRS P3C
C2018-05894,2154558,394724112104701,RSP3C VWR3 RRS P3C
C2018-05894,2154558,394724112104701,RSP3C VWR3 RRS P3C
C2018-05895,2154547,394934112105101,MSP4A VWR3 MIS P4A
C2018-05895,2154547,394934112105101,MSP4A VWR3 MIS P4A
C2018-05895,2154547,394934112105101,MSP4A VWR3 MIS P4A
C2018-05895,2154547,394934112105101,MSP4A VWR3 MIS P4A
C2018-05895,2154547,394934112105101,MSP4A VWR3 MIS P4A
C2018-05895,2154547,394934112105101,MSP4A VWR3 MIS P4A
C2018-05895,2154547,394934112105101,MSP4A VWR3 MIS P4A
C2018-05895,2154547,394934112105101,MSP4A VWR3 MIS P4A
C2018-05895,2154547,394934112105101,MSP4A VWR3 MIS P4A
C2018-05895,2154547,394934112105101,MSP4A VWR3 MIS P4A
C2018-05895,2154547,394934112105101,MSP4A VWR3 MIS P4A
C2018-05895,2154547,394934112105101,MSP4A VWR3 MIS P4A
C2018-05895,2154547,394934112105101,MSP4A VWR3 MIS P4A
C2018-05895,2154559,394934112105101,MSP4A VWR3 MIS P4A
C2018-05895,2154559,394934112105101,MSP4A VWR3 MIS P4A
C2018-05895,2154559,394934112105101,MSP4A VWR3 MIS P4A
C2018-05895,2154559,394934112105101,MSP4A VWR3 MIS P4A
C2018-05895,2154559,394934112105101,MSP4A VWR3 MIS P4A
C2018-05900,2154552,370209112274701,NGWMN - MARTY
C2018-05900,2154564,370209112274701,NGWMN - MARTY
C2018-05901,2154553,370733112324501,NGWMN - BEST FRIENDS
C2018-05902,2154554,375408111252201,NGWMN - BOULDER MTN LODGE
C2018-05903,2154555,380539111205401,NGWMN - PLEASANT CK CG SPRING
C2018-05904,2154556,381742111263801,NGWMN - TORREY DAUGHTERS
C2018-05904,2154565,381742111263801,NGWMN - TORREY DAUGHTERS
C2018-05905,2154557,382308110421401,NGWMN - HANKSVILLE WELL
C2018-05932,2154548,395051112120101,WR137 WRI_137 T15
C2018-05932,2154548,395051112120101,WR137 WRI_137 T15
C2018-05932,2154548,395051112120101,WR137 WRI_137 T15
C2018-05932,2154548,395051112120101,WR137 WRI_137 T15
C2018-05932,2154548,395051112120101,WR137 WRI_137 T15
C2018-05932,2154548,395051112120101,WR137 WRI_137 T15
C2018-05932,2154548,395051112120101,WR137 WRI_137 T15
C2018-05932,2154548,395051112120101,WR137 WRI_137 T15
C2018-05932,2154548,395051112120101,WR137 WRI_137 T15
C2018-05932,2154548,395051112120101,WR137 WRI_137 T15
C2018-05932,2154548,395051112120101,WR137 WRI_137 T15
C2018-05932,2154548,395051112120101,WR137 WRI_137 T15
C2018-05932,2154548,395051112120101,WR137 WRI_137 T15
C2018-05932,2154560,395051112120101,WR137 WRI_137 T15
C2018-05932,2154560,395051112120101,WR137 WRI_137 T15
C2018-05932,2154560,395051112120101,WR137 WRI_137 T15
C2018-05932,2154560,395051112120101,WR137 WRI_137 T15
C2018-05932,2154560,395051112120101,WR137 WRI_137 T15
C2018-05933,2154549,395126112124501,WR136 WRI_136 T8
C2018-05933,2154549,395126112124501,WR136 WRI_136 T8
C2018-05933,2154549,395126112124501,WR136 WRI_136 T8
C2018-05933,2154549,395126112124501,WR136 WRI_136 T8
C2018-05933,2154549,395126112124501,WR136 WRI_136 T8
C2018-05933,2154549,395126112124501,WR136 WRI_136 T8
C2018-05933,2154549,395126112124501,WR136 WRI_136 T8
C2018-05933,2154549,395126112124501,WR136 WRI_136 T8
C2018-05933,2154549,395126112124501,WR136 WRI_136 T8
C2018-05933,2154549,395126112124501,WR136 WRI_136 T8
C2018-05933,2154549,395126112124501,WR136 WRI_136 T8
C2018-05933,2154549,395126112124501,WR136 WRI_136 T8
C2018-05933,2154549,395126112124501,WR136 WRI_136 T8
C2018-05933,2154561,395126112124501,WR136 WRI_136 T8
C2018-05933,2154561,395126112124501,WR136 WRI_136 T8
C2018-05933,2154561,395126112124501,WR136 WRI_136 T8
C2018-05933,2154561,395126112124501,WR136 WRI_136 T8
C2018-05933,2154561,395126112124501,WR136 WRI_136 T8
C2018-05934,2154550,395214112140301,WR135 WRI_135 MUD 1
C2018-05934,2154550,395214112140301,WR135 WRI_135 MUD 1
C2018-05934,2154550,395214112140301,WR135 WRI_135 MUD 1
C2018-05934,2154550,395214112140301,WR135 WRI_135 MUD 1
C2018-05934,2154550,395214112140301,WR135 WRI_135 MUD 1
C2018-05934,2154550,395214112140301,WR135 WRI_135 MUD 1
C2018-05934,2154550,395214112140301,WR135 WRI_135 MUD 1
C2018-05934,2154550,395214112140301,WR135 WRI_135 MUD 1
C2018-05934,2154550,395214112140301,WR135 WRI_135 MUD 1
C2018-05934,2154550,395214112140301,WR135 WRI_135 MUD 1
C2018-05934,2154550,395214112140301,WR135 WRI_135 MUD 1
C2018-05934,2154550,395214112140301,WR135 WRI_135 MUD 1
C2018-05934,2154550,395214112140301,WR135 WRI_135 MUD 1
C2018-05934,2154562,395214112140301,WR135 WRI_135 MUD 1
C2018-05934,2154562,395214112140301,WR135 WRI_135 MUD 1
C2018-05934,2154562,395214112140301,WR135 WRI_135 MUD 1
C2018-05934,2154562,395214112140301,WR135 WRI_135 MUD 1
C2018-05934,2154562,395214112140301,WR135 WRI_135 MUD 1
C2018-05935,2154551,394800112160201,WR138 WRI_138 MUD 2
C2018-05935,2154551,394800112160201,WR138 WRI_138 MUD 2
C2018-05935,2154551,394800112160201,WR138 WRI_138 MUD 2
C2018-05935,2154551,394800112160201,WR138 WRI_138 MUD 2
C2018-05935,2154551,394800112160201,WR138 WRI_138 MUD 2
C2018-05935,2154551,394800112160201,WR138 WRI_138 MUD 2
C2018-05935,2154551,394800112160201,WR138 WRI_138 MUD 2
C2018-05935,2154551,394800112160201,WR138 WRI_138 MUD 2
C2018-05935,2154551,394800112160201,WR138 WRI_138 MUD 2
C2018-05935,2154551,394800112160201,WR138 WRI_138 MUD 2
C2018-05935,2154551,394800112160201,WR138 WRI_138 MUD 2
C2018-05935,2154551,394800112160201,WR138 WRI_138 MUD 2
C2018-05935,2154551,394800112160201,WR138 WRI_138 MUD 2
C2018-05935,2154563,394800112160201,WR138 WRI_138 MUD 2
C2018-05935,2154563,394800112160201,WR138 WRI_138 MUD 2
C2018-05935,2154563,394800112160201,WR138 WRI_138 MUD 2
C2018-05935,2154563,394800112160201,WR138 WRI_138 MUD 2
C2018-05935,2154563,394800112160201,WR138 WRI_138 MUD 2
C2018-06119,2156056,383130111494201,NGWMN #1 OAK SPRING
C2018-06120,2156057,383633111405301,NGWMN #2 FRYING PAN
C2018-06120,2156130,383633111405301,NGWMN #2 FRYING PAN
C2018-06122,2156086,373951112065001,BC34S BRYCE CANYON MOSSY
C2018-06122,2156086,373951112065001,BC34S BRYCE CANYON MOSSY
C2018-06122,2156086,373951112065001,BC34S BRYCE CANYON MOSSY
C2018-06122,2156086,373951112065001,BC34S BRYCE CANYON MOSSY
C2018-06122,2156086,373951112065001,BC34S BRYCE CANYON MOSSY
C2018-06122,2156086,373951112065001,BC34S BRYCE CANYON MOSSY
C2018-06122,2156086,373951112065001,BC34S BRYCE CANYON MOSSY
C2018-06122,2156086,373951112065001,BC34S BRYCE CANYON MOSSY
C2018-06122,2156086,373951112065001,BC34S BRYCE CANYON MOSSY
C2018-06122,2156086,373951112065001,BC34S BRYCE CANYON MOSSY
C2018-06122,2156086,373951112065001,BC34S BRYCE CANYON MOSSY
C2018-06122,2156086,373951112065001,BC34S BRYCE CANYON MOSSY
C2018-06122,2156086,373951112065001,BC34S BRYCE CANYON MOSSY
C2018-06122,2156136,373951112065001,BC34S BRYCE CANYON MOSSY
C2018-06122,2156136,373951112065001,BC34S BRYCE CANYON MOSSY
C2018-06122,2156136,373951112065001,BC34S BRYCE CANYON MOSSY
C2018-06122,2156136,373951112065001,BC34S BRYCE CANYON MOSSY
C2018-06122,2156136,373951112065001,BC34S BRYCE CANYON MOSSY
C2018-06122,2156136,373951112065001,BC34S BRYCE CANYON MOSSY
C2018-06123,2156097,373949112065401,BC35S BRYCE CANYON MOSSY CAVE
C2018-06123,2156097,373949112065401,BC35S BRYCE CANYON MOSSY CAVE
C2018-06123,2156097,373949112065401,BC35S BRYCE CANYON MOSSY CAVE
C2018-06123,2156097,373949112065401,BC35S BRYCE CANYON MOSSY CAVE
C2018-06123,2156097,373949112065401,BC35S BRYCE CANYON MOSSY CAVE
C2018-06123,2156097,373949112065401,BC35S BRYCE CANYON MOSSY CAVE
C2018-06123,2156097,373949112065401,BC35S BRYCE CANYON MOSSY CAVE
C2018-06123,2156097,373949112065401,BC35S BRYCE CANYON MOSSY CAVE
C2018-06123,2156097,373949112065401,BC35S BRYCE CANYON MOSSY CAVE
C2018-06123,2156097,373949112065401,BC35S BRYCE CANYON MOSSY CAVE
C2018-06123,2156097,373949112065401,BC35S BRYCE CANYON MOSSY CAVE
C2018-06123,2156097,373949112065401,BC35S BRYCE CANYON MOSSY CAVE
C2018-06123,2156097,373949112065401,BC35S BRYCE CANYON MOSSY CAVE
C2018-06123,2156137,373949112065401,BC35S BRYCE CANYON MOSSY CAVE
C2018-06123,2156137,373949112065401,BC35S BRYCE CANYON MOSSY CAVE
C2018-06123,2156137,373949112065401,BC35S BRYCE CANYON MOSSY CAVE
C2018-06123,2156137,373949112065401,BC35S BRYCE CANYON MOSSY CAVE
C2018-06123,2156137,373949112065401,BC35S BRYCE CANYON MOSSY CAVE
C2018-06123,2156137,373949112065401,BC35S BRYCE CANYON MOSSY CAVE
C2018-06124,2156098,374232112100501,BC40W BRYCE CANYON ELGIN
C2018-06124,2156098,374232112100501,BC40W BRYCE CANYON ELGIN
C2018-06124,2156098,374232112100501,BC40W BRYCE CANYON ELGIN
C2018-06124,2156098,374232112100501,BC40W BRYCE CANYON ELGIN
C2018-06124,2156098,374232112100501,BC40W BRYCE CANYON ELGIN
C2018-06124,2156098,374232112100501,BC40W BRYCE CANYON ELGIN
C2018-06124,2156098,374232112100501,BC40W BRYCE CANYON ELGIN
C2018-06124,2156098,374232112100501,BC40W BRYCE CANYON ELGIN
C2018-06124,2156098,374232112100501,BC40W BRYCE CANYON ELGIN
C2018-06124,2156098,374232112100501,BC40W BRYCE CANYON ELGIN
C2018-06124,2156098,374232112100501,BC40W BRYCE CANYON ELGIN
C2018-06124,2156098,374232112100501,BC40W BRYCE CANYON ELGIN
C2018-06124,2156098,374232112100501,BC40W BRYCE CANYON ELGIN
C2018-06124,2156139,374232112100501,BC40W BRYCE CANYON ELGIN
C2018-06124,2156139,374232112100501,BC40W BRYCE CANYON ELGIN
C2018-06124,2156139,374232112100501,BC40W BRYCE CANYON ELGIN
C2018-06124,2156139,374232112100501,BC40W BRYCE CANYON ELGIN
C2018-06124,2156139,374232112100501,BC40W BRYCE CANYON ELGIN
C2018-06124,2156139,374232112100501,BC40W BRYCE CANYON ELGIN
C2018-06125,2156099,373755112124301,BC44W BRYCE CANYON NPS1
C2018-06125,2156099,373755112124301,BC44W BRYCE CANYON NPS1
C2018-06125,2156099,373755112124301,BC44W BRYCE CANYON NPS1
C2018-06125,2156099,373755112124301,BC44W BRYCE CANYON NPS1
C2018-06125,2156099,373755112124301,BC44W BRYCE CANYON NPS1
C2018-06125,2156099,373755112124301,BC44W BRYCE CANYON NPS1
C2018-06125,2156099,373755112124301,BC44W BRYCE CANYON NPS1
C2018-06125,2156099,373755112124301,BC44W BRYCE CANYON NPS1
C2018-06125,2156099,373755112124301,BC44W BRYCE CANYON NPS1
C2018-06125,2156099,373755112124301,BC44W BRYCE CANYON NPS1
C2018-06125,2156099,373755112124301,BC44W BRYCE CANYON NPS1
C2018-06125,2156099,373755112124301,BC44W BRYCE CANYON NPS1
C2018-06125,2156099,373755112124301,BC44W BRYCE CANYON NPS1
C2018-06125,2156140,373755112124301,BC44W BRYCE CANYON NPS1
C2018-06125,2156140,373755112124301,BC44W BRYCE CANYON NPS1
C2018-06125,2156140,373755112124301,BC44W BRYCE CANYON NPS1
C2018-06125,2156140,373755112124301,BC44W BRYCE CANYON NPS1
C2018-06125,2156140,373755112124301,BC44W BRYCE CANYON NPS1
C2018-06125,2156140,373755112124301,BC44W BRYCE CANYON NPS1
C2018-06126,2156100,373801112124701,BC11S BRYCE CANYON NPS4
C2018-06126,2156100,373801112124701,BC11S BRYCE CANYON NPS4
C2018-06126,2156100,373801112124701,BC11S BRYCE CANYON NPS4
C2018-06126,2156100,373801112124701,BC11S BRYCE CANYON NPS4
C2018-06126,2156100,373801112124701,BC11S BRYCE CANYON NPS4
C2018-06126,2156100,373801112124701,BC11S BRYCE CANYON NPS4
C2018-06126,2156100,373801112124701,BC11S BRYCE CANYON NPS4
C2018-06126,2156100,373801112124701,BC11S BRYCE CANYON NPS4
C2018-06126,2156100,373801112124701,BC11S BRYCE CANYON NPS4
C2018-06126,2156100,373801112124701,BC11S BRYCE CANYON NPS4
C2018-06126,2156100,373801112124701,BC11S BRYCE CANYON NPS4
C2018-06126,2156100,373801112124701,BC11S BRYCE CANYON NPS4
C2018-06126,2156100,373801112124701,BC11S BRYCE CANYON NPS4
C2018-06126,2156141,373801112124701,BC11S BRYCE CANYON NPS4
C2018-06126,2156141,373801112124701,BC11S BRYCE CANYON NPS4
C2018-06126,2156141,373801112124701,BC11S BRYCE CANYON NPS4
C2018-06126,2156141,373801112124701,BC11S BRYCE CANYON NPS4
C2018-06126,2156141,373801112124701,BC11S BRYCE CANYON NPS4
C2018-06126,2156141,373801112124701,BC11S BRYCE CANYON NPS4
C2018-06127,2156101,374438112080601,BC48W BRYCE CANYON SITLA
C2018-06127,2156101,374438112080601,BC48W BRYCE CANYON SITLA
C2018-06127,2156101,374438112080601,BC48W BRYCE CANYON SITLA
C2018-06127,2156101,374438112080601,BC48W BRYCE CANYON SITLA
C2018-06127,2156101,374438112080601,BC48W BRYCE CANYON SITLA
C2018-06127,2156101,374438112080601,BC48W BRYCE CANYON SITLA
C2018-06127,2156101,374438112080601,BC48W BRYCE CANYON SITLA
C2018-06127,2156101,374438112080601,BC48W BRYCE CANYON SITLA
C2018-06127,2156101,374438112080601,BC48W BRYCE CANYON SITLA
C2018-06127,2156101,374438112080601,BC48W BRYCE CANYON SITLA
C2018-06127,2156101,374438112080601,BC48W BRYCE CANYON SITLA
C2018-06127,2156101,374438112080601,BC48W BRYCE CANYON SITLA
C2018-06127,2156101,374438112080601,BC48W BRYCE CANYON SITLA
C2018-06127,2156142,374438112080601,BC48W BRYCE CANYON SITLA
C2018-06127,2156142,374438112080601,BC48W BRYCE CANYON SITLA
C2018-06127,2156142,374438112080601,BC48W BRYCE CANYON SITLA
C2018-06127,2156142,374438112080601,BC48W BRYCE CANYON SITLA
C2018-06127,2156142,374438112080601,BC48W BRYCE CANYON SITLA
C2018-06127,2156142,374438112080601,BC48W BRYCE CANYON SITLA
C2018-06128,2156104,374646112063201,BC51W BRYCE CANYON BRISTLE CONE
C2018-06128,2156104,374646112063201,BC51W BRYCE CANYON BRISTLE CONE
C2018-06128,2156104,374646112063201,BC51W BRYCE CANYON BRISTLE CONE
C2018-06128,2156104,374646112063201,BC51W BRYCE CANYON BRISTLE CONE
C2018-06128,2156104,374646112063201,BC51W BRYCE CANYON BRISTLE CONE
C2018-06128,2156104,374646112063201,BC51W BRYCE CANYON BRISTLE CONE
C2018-06128,2156104,374646112063201,BC51W BRYCE CANYON BRISTLE CONE
C2018-06128,2156104,374646112063201,BC51W BRYCE CANYON BRISTLE CONE
C2018-06128,2156104,374646112063201,BC51W BRYCE CANYON BRISTLE CONE
C2018-06128,2156104,374646112063201,BC51W BRYCE CANYON BRISTLE CONE
C2018-06128,2156104,374646112063201,BC51W BRYCE CANYON BRISTLE CONE
C2018-06128,2156104,374646112063201,BC51W BRYCE CANYON BRISTLE CONE
C2018-06128,2156104,374646112063201,BC51W BRYCE CANYON BRISTLE CONE
C2018-06128,2156144,374646112063201,BC51W BRYCE CANYON BRISTLE CONE
C2018-06128,2156144,374646112063201,BC51W BRYCE CANYON BRISTLE CONE
C2018-06128,2156144,374646112063201,BC51W BRYCE CANYON BRISTLE CONE
C2018-06128,2156144,374646112063201,BC51W BRYCE CANYON BRISTLE CONE
C2018-06128,2156144,374646112063201,BC51W BRYCE CANYON BRISTLE CONE
C2018-06128,2156144,374646112063201,BC51W BRYCE CANYON BRISTLE CONE
C2018-06130,2156110,374155112112401,BC1EF3 BRYCE CANYON EAST FORK SEVIER
C2018-06130,2156110,374155112112401,BC1EF3 BRYCE CANYON EAST FORK SEVIER
C2018-06130,2156110,374155112112401,BC1EF3 BRYCE CANYON EAST FORK SEVIER
C2018-06130,2156110,374155112112401,BC1EF3 BRYCE CANYON EAST FORK SEVIER
C2018-06130,2156110,374155112112401,BC1EF3 BRYCE CANYON EAST FORK SEVIER
C2018-06130,2156110,374155112112401,BC1EF3 BRYCE CANYON EAST FORK SEVIER
C2018-06130,2156110,374155112112401,BC1EF3 BRYCE CANYON EAST FORK SEVIER
C2018-06130,2156110,374155112112401,BC1EF3 BRYCE CANYON EAST FORK SEVIER
C2018-06130,2156110,374155112112401,BC1EF3 BRYCE CANYON EAST FORK SEVIER
C2018-06130,2156110,374155112112401,BC1EF3 BRYCE CANYON EAST FORK SEVIER
C2018-06130,2156110,374155112112401,BC1EF3 BRYCE CANYON EAST FORK SEVIER
C2018-06130,2156110,374155112112401,BC1EF3 BRYCE CANYON EAST FORK SEVIER
C2018-06130,2156110,374155112112401,BC1EF3 BRYCE CANYON EAST FORK SEVIER
C2018-06130,2156148,374155112112401,BC1EF3 BRYCE CANYON EAST FORK SEVIER
C2018-06130,2156148,374155112112401,BC1EF3 BRYCE CANYON EAST FORK SEVIER
C2018-06130,2156148,374155112112401,BC1EF3 BRYCE CANYON EAST FORK SEVIER
C2018-06130,2156148,374155112112401,BC1EF3 BRYCE CANYON EAST FORK SEVIER
C2018-06130,2156148,374155112112401,BC1EF3 BRYCE CANYON EAST FORK SEVIER
C2018-06130,2156148,374155112112401,BC1EF3 BRYCE CANYON EAST FORK SEVIER
C2018-06131,2156058,382627111383601,NGWMN #3 LOA FISH HATCHERY
C2018-06131,2156131,382627111383601,NGWMN #3 LOA FISH HATCHERY
C2018-06210,2157054,392527113291201,4000 TULE VALLEY
C2018-06210,2157054,392527113291201,4000 TULE VALLEY
C2018-06210,2157054,392527113291201,4000 TULE VALLEY
C2018-06210,2157054,392527113291201,4000 TULE VALLEY
C2018-06210,2157054,392527113291201,4000 TULE VALLEY
C2018-06210,2157054,392527113291201,4000 TULE VALLEY
C2018-06210,2157054,392527113291201,4000 TULE VALLEY
C2018-06210,2157054,392527113291201,4000 TULE VALLEY
C2018-06210,2157054,392527113291201,4000 TULE VALLEY
C2018-06210,2157054,392527113291201,4000 TULE VALLEY
C2018-06210,2157054,392527113291201,4000 TULE VALLEY
C2018-06210,2157054,392527113291201,4000 TULE VALLEY
C2018-06210,2157054,392527113291201,4000 TULE VALLEY
C2018-06210,2157181,392527113291201,4000 TULE VALLEY
C2018-06210,2157181,392527113291201,4000 TULE VALLEY
C2018-06210,2157181,392527113291201,4000 TULE VALLEY
C2018-06210,2157181,392527113291201,4000 TULE VALLEY
C2018-06210,2157181,392527113291201,4000 TULE VALLEY
C2018-06211,2157055,392532113291101,4042 TULE VALLEY
C2018-06211,2157055,392532113291101,4042 TULE VALLEY
C2018-06211,2157055,392532113291101,4042 TULE VALLEY
C2018-06211,2157055,392532113291101,4042 TULE VALLEY
C2018-06211,2157055,392532113291101,4042 TULE VALLEY
C2018-06211,2157055,392532113291101,4042 TULE VALLEY
C2018-06211,2157055,392532113291101,4042 TULE VALLEY
C2018-06211,2157055,392532113291101,4042 TULE VALLEY
C2018-06211,2157055,392532113291101,4042 TULE VALLEY
C2018-06211,2157055,392532113291101,4042 TULE VALLEY
C2018-06211,2157055,392532113291101,4042 TULE VALLEY
C2018-06211,2157055,392532113291101,4042 TULE VALLEY
C2018-06211,2157055,392532113291101,4042 TULE VALLEY
C2018-06211,2157184,392532113291101,4042 TULE VALLEY
C2018-06211,2157184,392532113291101,4042 TULE VALLEY
C2018-06211,2157184,392532113291101,4042 TULE VALLEY
C2018-06211,2157184,392532113291101,4042 TULE VALLEY
C2018-06211,2157184,392532113291101,4042 TULE VALLEY
C2018-06212,2157056,392527113290301,4044 TULE VALLEY
C2018-06212,2157056,392527113290301,4044 TULE VALLEY
C2018-06212,2157056,392527113290301,4044 TULE VALLEY
C2018-06212,2157056,392527113290301,4044 TULE VALLEY
C2018-06212,2157056,392527113290301,4044 TULE VALLEY
C2018-06212,2157056,392527113290301,4044 TULE VALLEY
C2018-06212,2157056,392527113290301,4044 TULE VALLEY
C2018-06212,2157056,392527113290301,4044 TULE VALLEY
C2018-06212,2157056,392527113290301,4044 TULE VALLEY
C2018-06212,2157056,392527113290301,4044 TULE VALLEY
C2018-06212,2157056,392527113290301,4044 TULE VALLEY
C2018-06212,2157056,392527113290301,4044 TULE VALLEY
C2018-06212,2157056,392527113290301,4044 TULE VALLEY
C2018-06212,2157185,392527113290301,4044 TULE VALLEY
C2018-06212,2157185,392527113290301,4044 TULE VALLEY
C2018-06212,2157185,392527113290301,4044 TULE VALLEY
C2018-06212,2157185,392527113290301,4044 TULE VALLEY
C2018-06212,2157185,392527113290301,4044 TULE VALLEY
C2018-06213,2157057,392520113285801,4045 TULE VALLEY
C2018-06213,2157057,392520113285801,4045 TULE VALLEY
C2018-06213,2157057,392520113285801,4045 TULE VALLEY
C2018-06213,2157057,392520113285801,4045 TULE VALLEY
C2018-06213,2157057,392520113285801,4045 TULE VALLEY
C2018-06213,2157057,392520113285801,4045 TULE VALLEY
C2018-06213,2157057,392520113285801,4045 TULE VALLEY
C2018-06213,2157057,392520113285801,4045 TULE VALLEY
C2018-06213,2157057,392520113285801,4045 TULE VALLEY
C2018-06213,2157057,392520113285801,4045 TULE VALLEY
C2018-06213,2157057,392520113285801,4045 TULE VALLEY
C2018-06213,2157057,392520113285801,4045 TULE VALLEY
C2018-06213,2157057,392520113285801,4045 TULE VALLEY
C2018-06213,2157186,392520113285801,4045 TULE VALLEY
C2018-06213,2157186,392520113285801,4045 TULE VALLEY
C2018-06213,2157186,392520113285801,4045 TULE VALLEY
C2018-06213,2157186,392520113285801,4045 TULE VALLEY
C2018-06213,2157186,392520113285801,4045 TULE VALLEY
C2018-06214,2157058,392529113290901,4041 TULE VALLEY
C2018-06214,2157058,392529113290901,4041 TULE VALLEY
C2018-06214,2157058,392529113290901,4041 TULE VALLEY
C2018-06214,2157058,392529113290901,4041 TULE VALLEY
C2018-06214,2157058,392529113290901,4041 TULE VALLEY
C2018-06214,2157058,392529113290901,4041 TULE VALLEY
C2018-06214,2157058,392529113290901,4041 TULE VALLEY
C2018-06214,2157058,392529113290901,4041 TULE VALLEY
C2018-06214,2157058,392529113290901,4041 TULE VALLEY
C2018-06214,2157058,392529113290901,4041 TULE VALLEY
C2018-06214,2157058,392529113290901,4041 TULE VALLEY
C2018-06214,2157058,392529113290901,4041 TULE VALLEY
C2018-06214,2157058,392529113290901,4041 TULE VALLEY
C2018-06271,2156107,373534112151101,BC53S BRYCE CANYON WATERSTOP
C2018-06271,2156107,373534112151101,BC53S BRYCE CANYON WATERSTOP
C2018-06271,2156107,373534112151101,BC53S BRYCE CANYON WATERSTOP
C2018-06271,2156107,373534112151101,BC53S BRYCE CANYON WATERSTOP
C2018-06271,2156107,373534112151101,BC53S BRYCE CANYON WATERSTOP
C2018-06271,2156107,373534112151101,BC53S BRYCE CANYON WATERSTOP
C2018-06271,2156107,373534112151101,BC53S BRYCE CANYON WATERSTOP
C2018-06271,2156107,373534112151101,BC53S BRYCE CANYON WATERSTOP
C2018-06271,2156107,373534112151101,BC53S BRYCE CANYON WATERSTOP
C2018-06271,2156107,373534112151101,BC53S BRYCE CANYON WATERSTOP
C2018-06271,2156107,373534112151101,BC53S BRYCE CANYON WATERSTOP
C2018-06271,2156107,373534112151101,BC53S BRYCE CANYON WATERSTOP
C2018-06271,2156107,373534112151101,BC53S BRYCE CANYON WATERSTOP
C2018-06271,2156146,373534112151101,BC53S BRYCE CANYON WATERSTOP
C2018-06271,2156146,373534112151101,BC53S BRYCE CANYON WATERSTOP
C2018-06271,2156146,373534112151101,BC53S BRYCE CANYON WATERSTOP
C2018-06271,2156146,373534112151101,BC53S BRYCE CANYON WATERSTOP
C2018-06271,2156146,373534112151101,BC53S BRYCE CANYON WATERSTOP
C2018-06271,2156146,373534112151101,BC53S BRYCE CANYON WATERSTOP
C2018-06273,2157440,383709109230701,01 CASTLE VALLEY OPEN LANDS
C2018-06273,2157440,383709109230701,01 CASTLE VALLEY OPEN LANDS
C2018-06273,2157440,383709109230701,01 CASTLE VALLEY OPEN LANDS
C2018-06273,2157440,383709109230701,01 CASTLE VALLEY OPEN LANDS
C2018-06273,2157440,383709109230701,01 CASTLE VALLEY OPEN LANDS
C2018-06273,2157440,383709109230701,01 CASTLE VALLEY OPEN LANDS
C2018-06273,2157440,383709109230701,01 CASTLE VALLEY OPEN LANDS
C2018-06273,2157440,383709109230701,01 CASTLE VALLEY OPEN LANDS
C2018-06273,2157440,383709109230701,01 CASTLE VALLEY OPEN LANDS
C2018-06273,2157440,383709109230701,01 CASTLE VALLEY OPEN LANDS
C2018-06273,2157440,383709109230701,01 CASTLE VALLEY OPEN LANDS
C2018-06273,2157440,383709109230701,01 CASTLE VALLEY OPEN LANDS
C2018-06273,2157440,383709109230701,01 CASTLE VALLEY OPEN LANDS
C2018-06273,2157483,383709109230701,01 CASTLE VALLEY OPEN LANDS
C2018-06273,2157725,383709109230701,01 CASTLE VALLEY OPEN LANDS
C2018-06273,2157725,383709109230701,01 CASTLE VALLEY OPEN LANDS
C2018-06273,2157725,383709109230701,01 CASTLE VALLEY OPEN LANDS
C2018-06273,2157725,383709109230701,01 CASTLE VALLEY OPEN LANDS
C2018-06273,2157725,383709109230701,01 CASTLE VALLEY OPEN LANDS
C2018-06273,2157725,383709109230701,01 CASTLE VALLEY OPEN LANDS
C2018-06273,2157725,383709109230701,01 CASTLE VALLEY OPEN LANDS
C2018-06274,2157441,383832109243901,02 CASTLE VALLEY BAILEY LN
C2018-06274,2157441,383832109243901,02 CASTLE VALLEY BAILEY LN
C2018-06274,2157441,383832109243901,02 CASTLE VALLEY BAILEY LN
C2018-06274,2157441,383832109243901,02 CASTLE VALLEY BAILEY LN
C2018-06274,2157441,383832109243901,02 CASTLE VALLEY BAILEY LN
C2018-06274,2157441,383832109243901,02 CASTLE VALLEY BAILEY LN
C2018-06274,2157441,383832109243901,02 CASTLE VALLEY BAILEY LN
C2018-06274,2157441,383832109243901,02 CASTLE VALLEY BAILEY LN
C2018-06274,2157441,383832109243901,02 CASTLE VALLEY BAILEY LN
C2018-06274,2157441,383832109243901,02 CASTLE VALLEY BAILEY LN
C2018-06274,2157441,383832109243901,02 CASTLE VALLEY BAILEY LN
C2018-06274,2157441,383832109243901,02 CASTLE VALLEY BAILEY LN
C2018-06274,2157441,383832109243901,02 CASTLE VALLEY BAILEY LN
C2018-06274,2157486,383832109243901,02 CASTLE VALLEY BAILEY LN
C2018-06274,2157726,383832109243901,02 CASTLE VALLEY BAILEY LN
C2018-06274,2157726,383832109243901,02 CASTLE VALLEY BAILEY LN
C2018-06274,2157726,383832109243901,02 CASTLE VALLEY BAILEY LN
C2018-06274,2157726,383832109243901,02 CASTLE VALLEY BAILEY LN
C2018-06274,2157726,383832109243901,02 CASTLE VALLEY BAILEY LN
C2018-06274,2157726,383832109243901,02 CASTLE VALLEY BAILEY LN
C2018-06274,2157726,383832109243901,02 CASTLE VALLEY BAILEY LN
C2018-06275,2157442,383453109200601,04 CASTLE VALLEY PORCUPINE
C2018-06275,2157442,383453109200601,04 CASTLE VALLEY PORCUPINE
C2018-06275,2157442,383453109200601,04 CASTLE VALLEY PORCUPINE
C2018-06275,2157442,383453109200601,04 CASTLE VALLEY PORCUPINE
C2018-06275,2157442,383453109200601,04 CASTLE VALLEY PORCUPINE
C2018-06275,2157442,383453109200601,04 CASTLE VALLEY PORCUPINE
C2018-06275,2157442,383453109200601,04 CASTLE VALLEY PORCUPINE
C2018-06275,2157442,383453109200601,04 CASTLE VALLEY PORCUPINE
C2018-06275,2157442,383453109200601,04 CASTLE VALLEY PORCUPINE
C2018-06275,2157442,383453109200601,04 CASTLE VALLEY PORCUPINE
C2018-06275,2157442,383453109200601,04 CASTLE VALLEY PORCUPINE
C2018-06275,2157442,383453109200601,04 CASTLE VALLEY PORCUPINE
C2018-06275,2157442,383453109200601,04 CASTLE VALLEY PORCUPINE
C2018-06275,2157489,383453109200601,04 CASTLE VALLEY PORCUPINE
C2018-06276,2157443,383746109214001,06 CASTLE VALLEY LOOP RD
C2018-06276,2157443,383746109214001,06 CASTLE VALLEY LOOP RD
C2018-06276,2157443,383746109214001,06 CASTLE VALLEY LOOP RD
C2018-06276,2157443,383746109214001,06 CASTLE VALLEY LOOP RD
C2018-06276,2157443,383746109214001,06 CASTLE VALLEY LOOP RD
C2018-06276,2157443,383746109214001,06 CASTLE VALLEY LOOP RD
C2018-06276,2157443,383746109214001,06 CASTLE VALLEY LOOP RD
C2018-06276,2157443,383746109214001,06 CASTLE VALLEY LOOP RD
C2018-06276,2157443,383746109214001,06 CASTLE VALLEY LOOP RD
C2018-06276,2157443,383746109214001,06 CASTLE VALLEY LOOP RD
C2018-06276,2157443,383746109214001,06 CASTLE VALLEY LOOP RD
C2018-06276,2157443,383746109214001,06 CASTLE VALLEY LOOP RD
C2018-06276,2157443,383746109214001,06 CASTLE VALLEY LOOP RD
C2018-06276,2157493,383746109214001,06 CASTLE VALLEY LOOP RD
C2018-06276,2157728,383746109214001,06 CASTLE VALLEY LOOP RD
C2018-06276,2157728,383746109214001,06 CASTLE VALLEY LOOP RD
C2018-06276,2157728,383746109214001,06 CASTLE VALLEY LOOP RD
C2018-06276,2157728,383746109214001,06 CASTLE VALLEY LOOP RD
C2018-06276,2157728,383746109214001,06 CASTLE VALLEY LOOP RD
C2018-06278,2157449,384124109393101,05 CASTLE VALLEY ADELE CREEKSIDE
C2018-06278,2157449,384124109393101,05 CASTLE VALLEY ADELE CREEKSIDE
C2018-06278,2157449,384124109393101,05 CASTLE VALLEY ADELE CREEKSIDE
C2018-06278,2157449,384124109393101,05 CASTLE VALLEY ADELE CREEKSIDE
C2018-06278,2157449,384124109393101,05 CASTLE VALLEY ADELE CREEKSIDE
C2018-06278,2157449,384124109393101,05 CASTLE VALLEY ADELE CREEKSIDE
C2018-06278,2157449,384124109393101,05 CASTLE VALLEY ADELE CREEKSIDE
C2018-06278,2157449,384124109393101,05 CASTLE VALLEY ADELE CREEKSIDE
C2018-06278,2157449,384124109393101,05 CASTLE VALLEY ADELE CREEKSIDE
C2018-06278,2157449,384124109393101,05 CASTLE VALLEY ADELE CREEKSIDE
C2018-06278,2157449,384124109393101,05 CASTLE VALLEY ADELE CREEKSIDE
C2018-06278,2157449,384124109393101,05 CASTLE VALLEY ADELE CREEKSIDE
C2018-06278,2157449,384124109393101,05 CASTLE VALLEY ADELE CREEKSIDE
C2018-06278,2157499,384124109393101,05 CASTLE VALLEY ADELE CREEKSIDE
C2018-06278,2157499,384124109393101,05 CASTLE VALLEY ADELE CREEKSIDE
C2018-06278,2157508,384124109393101,05 CASTLE VALLEY ADELE CREEKSIDE
C2018-06278,2157510,384124109393101,05 CASTLE VALLEY ADELE CREEKSIDE
C2018-06278,2157513,384124109393101,05 CASTLE VALLEY ADELE CREEKSIDE
C2018-06278,2157513,384124109393101,05 CASTLE VALLEY ADELE CREEKSIDE
C2018-06278,2157730,384124109393101,05 CASTLE VALLEY ADELE CREEKSIDE
C2018-06278,2157730,384124109393101,05 CASTLE VALLEY ADELE CREEKSIDE
C2018-06278,2157730,384124109393101,05 CASTLE VALLEY ADELE CREEKSIDE
C2018-06278,2157730,384124109393101,05 CASTLE VALLEY ADELE CREEKSIDE
C2018-06278,2157730,384124109393101,05 CASTLE VALLEY ADELE CREEKSIDE
C2018-06279,2157445,383922109253801,03 CASTLE VALLEY STUCKI
C2018-06279,2157445,383922109253801,03 CASTLE VALLEY STUCKI
C2018-06279,2157445,383922109253801,03 CASTLE VALLEY STUCKI
C2018-06279,2157445,383922109253801,03 CASTLE VALLEY STUCKI
C2018-06279,2157445,383922109253801,03 CASTLE VALLEY STUCKI
C2018-06279,2157445,383922109253801,03 CASTLE VALLEY STUCKI
C2018-06279,2157445,383922109253801,03 CASTLE VALLEY STUCKI
C2018-06279,2157445,383922109253801,03 CASTLE VALLEY STUCKI
C2018-06279,2157445,383922109253801,03 CASTLE VALLEY STUCKI
C2018-06279,2157445,383922109253801,03 CASTLE VALLEY STUCKI
C2018-06279,2157445,383922109253801,03 CASTLE VALLEY STUCKI
C2018-06279,2157445,383922109253801,03 CASTLE VALLEY STUCKI
C2018-06279,2157445,383922109253801,03 CASTLE VALLEY STUCKI
C2018-06279,2157496,383922109253801,03 CASTLE VALLEY STUCKI
C2018-06279,2157496,383922109253801,03 CASTLE VALLEY STUCKI
C2018-06279,2157729,383922109253801,03 CASTLE VALLEY STUCKI
C2018-06279,2157729,383922109253801,03 CASTLE VALLEY STUCKI
C2018-06279,2157729,383922109253801,03 CASTLE VALLEY STUCKI
C2018-06279,2157729,383922109253801,03 CASTLE VALLEY STUCKI
C2018-06279,2157729,383922109253801,03 CASTLE VALLEY STUCKI
C2018-06292,2157727,383453109200601,03 CASTLE VALLEY PORCUPINE
C2018-06292,2157727,383453109200601,03 CASTLE VALLEY PORCUPINE
C2018-06292,2157727,383453109200601,03 CASTLE VALLEY PORCUPINE
C2018-06292,2157727,383453109200601,03 CASTLE VALLEY PORCUPINE
C2018-06292,2157727,383453109200601,03 CASTLE VALLEY PORCUPINE
C2018-06292,2157727,383453109200601,03 CASTLE VALLEY PORCUPINE
C2018-06292,2157727,383453109200601,03 CASTLE VALLEY PORCUPINE
C2018-06422,2159390,384347114025601,NGWMN-AG15A USVW
C2018-06422,2159466,384347114025601,NGWMN-AG15A USVW
C2018-06423,2159391,384818114003101,NGWMN-DVRW USVW
C2018-06423,2159467,384818114003101,NGWMN-DVRW USVW
C2018-06424,2159392,385630114020202,NGWMN-AG13C USVW
C2018-06424,2159468,385630114020202,NGWMN-AG13C USVW
C2018-06425,2159393,390426113585101,NGWMN-AG14C USVW
C2018-06425,2159469,390426113585101,NGWMN-AG14C USVW
C2018-06635,2161361,392529113290901,4041 TULE VALLEY
C2018-06635,2161361,392529113290901,4041 TULE VALLEY
C2018-06635,2161361,392529113290901,4041 TULE VALLEY
C2018-06635,2161361,392529113290901,4041 TULE VALLEY
C2018-06635,2161361,392529113290901,4041 TULE VALLEY
C2019-00319,2170652,373636109141501,MZ40 MONTEZUMA LCBSPRING1
C2019-00319,2170652,373636109141501,MZ40 MONTEZUMA LCBSPRING1
C2019-00319,2170652,373636109141501,MZ40 MONTEZUMA LCBSPRING1
C2019-00319,2170652,373636109141501,MZ40 MONTEZUMA LCBSPRING1
C2019-00319,2170652,373636109141501,MZ40 MONTEZUMA LCBSPRING1
C2019-00319,2170652,373636109141501,MZ40 MONTEZUMA LCBSPRING1
C2019-00319,2170652,373636109141501,MZ40 MONTEZUMA LCBSPRING1
C2019-00319,2170652,373636109141501,MZ40 MONTEZUMA LCBSPRING1
C2019-00319,2170652,373636109141501,MZ40 MONTEZUMA LCBSPRING1
C2019-00319,2170652,373636109141501,MZ40 MONTEZUMA LCBSPRING1
C2019-00319,2170652,373636109141501,MZ40 MONTEZUMA LCBSPRING1
C2019-00319,2170652,373636109141501,MZ40 MONTEZUMA LCBSPRING1
C2019-00319,2170652,373636109141501,MZ40 MONTEZUMA LCBSPRING1
C2019-00319,2170659,373636109141501,MZ40 MONTEZUMA LCBSPRING1
C2019-00319,2170659,373636109141501,MZ40 MONTEZUMA LCBSPRING1
C2019-00319,2170659,373636109141501,MZ40 MONTEZUMA LCBSPRING1
C2019-00319,2170659,373636109141501,MZ40 MONTEZUMA LCBSPRING1
C2019-00319,2170659,373636109141501,MZ40 MONTEZUMA LCBSPRING1
C2019-00319,2170659,373636109141501,MZ40 MONTEZUMA LCBSPRING1
C2019-00312,2170649,374650109155901,MZ44 MONTEZUMA LOW BOULDER CREEK
C2019-00312,2170649,374650109155901,MZ44 MONTEZUMA LOW BOULDER CREEK
C2019-00312,2170649,374650109155901,MZ44 MONTEZUMA LOW BOULDER CREEK
C2019-00312,2170649,374650109155901,MZ44 MONTEZUMA LOW BOULDER CREEK
C2019-00312,2170649,374650109155901,MZ44 MONTEZUMA LOW BOULDER CREEK
C2019-00312,2170649,374650109155901,MZ44 MONTEZUMA LOW BOULDER CREEK
C2019-00312,2170649,374650109155901,MZ44 MONTEZUMA LOW BOULDER CREEK
C2019-00312,2170649,374650109155901,MZ44 MONTEZUMA LOW BOULDER CREEK
C2019-00312,2170649,374650109155901,MZ44 MONTEZUMA LOW BOULDER CREEK
C2019-00312,2170649,374650109155901,MZ44 MONTEZUMA LOW BOULDER CREEK
C2019-00312,2170649,374650109155901,MZ44 MONTEZUMA LOW BOULDER CREEK
C2019-00312,2170649,374650109155901,MZ44 MONTEZUMA LOW BOULDER CREEK
C2019-00312,2170649,374650109155901,MZ44 MONTEZUMA LOW BOULDER CREEK
C2019-00312,2170656,374650109155901,MZ44 MONTEZUMA LOW BOULDER CREEK
C2019-00312,2170656,374650109155901,MZ44 MONTEZUMA LOW BOULDER CREEK
C2019-00312,2170656,374650109155901,MZ44 MONTEZUMA LOW BOULDER CREEK
C2019-00312,2170656,374650109155901,MZ44 MONTEZUMA LOW BOULDER CREEK
C2019-00312,2170656,374650109155901,MZ44 MONTEZUMA LOW BOULDER CREEK
C2019-00312,2170656,374650109155901,MZ44 MONTEZUMA LOW BOULDER CREEK
C2019-00316,2170653,373629109141701,MZ51 MONTEZUMA LCBPZ1
C2019-00316,2170653,373629109141701,MZ51 MONTEZUMA LCBPZ1
C2019-00316,2170653,373629109141701,MZ51 MONTEZUMA LCBPZ1
C2019-00316,2170653,373629109141701,MZ51 MONTEZUMA LCBPZ1
C2019-00316,2170653,373629109141701,MZ51 MONTEZUMA LCBPZ1
C2019-00316,2170653,373629109141701,MZ51 MONTEZUMA LCBPZ1
C2019-00316,2170653,373629109141701,MZ51 MONTEZUMA LCBPZ1
C2019-00316,2170653,373629109141701,MZ51 MONTEZUMA LCBPZ1
C2019-00316,2170653,373629109141701,MZ51 MONTEZUMA LCBPZ1
C2019-00316,2170653,373629109141701,MZ51 MONTEZUMA LCBPZ1
C2019-00316,2170653,373629109141701,MZ51 MONTEZUMA LCBPZ1
C2019-00316,2170653,373629109141701,MZ51 MONTEZUMA LCBPZ1
C2019-00316,2170653,373629109141701,MZ51 MONTEZUMA LCBPZ1
C2019-00316,2170660,373629109141701,MZ51 MONTEZUMA LCBPZ1
C2019-00316,2170660,373629109141701,MZ51 MONTEZUMA LCBPZ1
C2019-00316,2170660,373629109141701,MZ51 MONTEZUMA LCBPZ1
C2019-00316,2170660,373629109141701,MZ51 MONTEZUMA LCBPZ1
C2019-00316,2170660,373629109141701,MZ51 MONTEZUMA LCBPZ1
C2019-00316,2170660,373629109141701,MZ51 MONTEZUMA LCBPZ1
C2019-00317,2170654,373627109141501,MZ52 MONTEZUMA LCBPZ2
C2019-00317,2170654,373627109141501,MZ52 MONTEZUMA LCBPZ2
C2019-00317,2170654,373627109141501,MZ52 MONTEZUMA LCBPZ2
C2019-00317,2170654,373627109141501,MZ52 MONTEZUMA LCBPZ2
C2019-00317,2170654,373627109141501,MZ52 MONTEZUMA LCBPZ2
C2019-00317,2170654,373627109141501,MZ52 MONTEZUMA LCBPZ2
C2019-00317,2170654,373627109141501,MZ52 MONTEZUMA LCBPZ2
C2019-00317,2170654,373627109141501,MZ52 MONTEZUMA LCBPZ2
C2019-00317,2170654,373627109141501,MZ52 MONTEZUMA LCBPZ2
C2019-00317,2170654,373627109141501,MZ52 MONTEZUMA LCBPZ2
C2019-00317,2170654,373627109141501,MZ52 MONTEZUMA LCBPZ2
C2019-00317,2170654,373627109141501,MZ52 MONTEZUMA LCBPZ2
C2019-00317,2170654,373627109141501,MZ52 MONTEZUMA LCBPZ2
C2019-00317,2170661,373627109141501,MZ52 MONTEZUMA LCBPZ2
C2019-00317,2170661,373627109141501,MZ52 MONTEZUMA LCBPZ2
C2019-00317,2170661,373627109141501,MZ52 MONTEZUMA LCBPZ2
C2019-00317,2170661,373627109141501,MZ52 MONTEZUMA LCBPZ2
C2019-00317,2170661,373627109141501,MZ52 MONTEZUMA LCBPZ2
C2019-00317,2170661,373627109141501,MZ52 MONTEZUMA LCBPZ2
C2019-00318,2170655,373626109141401,MZ53 MONTEZUMA LCBPZ3
C2019-00318,2170655,373626109141401,MZ53 MONTEZUMA LCBPZ3
C2019-00318,2170655,373626109141401,MZ53 MONTEZUMA LCBPZ3
C2019-00318,2170655,373626109141401,MZ53 MONTEZUMA LCBPZ3
C2019-00318,2170655,373626109141401,MZ53 MONTEZUMA LCBPZ3
C2019-00318,2170655,373626109141401,MZ53 MONTEZUMA LCBPZ3
C2019-00318,2170655,373626109141401,MZ53 MONTEZUMA LCBPZ3
C2019-00318,2170655,373626109141401,MZ53 MONTEZUMA LCBPZ3
C2019-00318,2170655,373626109141401,MZ53 MONTEZUMA LCBPZ3
C2019-00318,2170655,373626109141401,MZ53 MONTEZUMA LCBPZ3
C2019-00318,2170655,373626109141401,MZ53 MONTEZUMA LCBPZ3
C2019-00318,2170655,373626109141401,MZ53 MONTEZUMA LCBPZ3
C2019-00318,2170655,373626109141401,MZ53 MONTEZUMA LCBPZ3
C2019-00318,2170662,373626109141401,MZ53 MONTEZUMA LCBPZ3
C2019-00318,2170662,373626109141401,MZ53 MONTEZUMA LCBPZ3
C2019-00318,2170662,373626109141401,MZ53 MONTEZUMA LCBPZ3
C2019-00318,2170662,373626109141401,MZ53 MONTEZUMA LCBPZ3
C2019-00318,2170662,373626109141401,MZ53 MONTEZUMA LCBPZ3
C2019-00318,2170662,373626109141401,MZ53 MONTEZUMA LCBPZ3
C2019-00313,2170650,374650109160001,MZ54 MONTEZUMA LBCPZ1
C2019-00313,2170650,374650109160001,MZ54 MONTEZUMA LBCPZ1
C2019-00313,2170650,374650109160001,MZ54 MONTEZUMA LBCPZ1
C2019-00313,2170650,374650109160001,MZ54 MONTEZUMA LBCPZ1
C2019-00313,2170650,374650109160001,MZ54 MONTEZUMA LBCPZ1
C2019-00313,2170650,374650109160001,MZ54 MONTEZUMA LBCPZ1
C2019-00313,2170650,374650109160001,MZ54 MONTEZUMA LBCPZ1
C2019-00313,2170650,374650109160001,MZ54 MONTEZUMA LBCPZ1
C2019-00313,2170650,374650109160001,MZ54 MONTEZUMA LBCPZ1
C2019-00313,2170650,374650109160001,MZ54 MONTEZUMA LBCPZ1
C2019-00313,2170650,374650109160001,MZ54 MONTEZUMA LBCPZ1
C2019-00313,2170650,374650109160001,MZ54 MONTEZUMA LBCPZ1
C2019-00313,2170650,374650109160001,MZ54 MONTEZUMA LBCPZ1
C2019-00313,2170657,374650109160001,MZ54 MONTEZUMA LBCPZ1
C2019-00313,2170657,374650109160001,MZ54 MONTEZUMA LBCPZ1
C2019-00313,2170657,374650109160001,MZ54 MONTEZUMA LBCPZ1
C2019-00313,2170657,374650109160001,MZ54 MONTEZUMA LBCPZ1
C2019-00313,2170657,374650109160001,MZ54 MONTEZUMA LBCPZ1
C2019-00313,2170657,374650109160001,MZ54 MONTEZUMA LBCPZ1
C2019-00314,2170651,374650109160001,MZ55 MONTEZUMA LBCPZ2
C2019-00314,2170651,374650109160001,MZ55 MONTEZUMA LBCPZ2
C2019-00314,2170651,374650109160001,MZ55 MONTEZUMA LBCPZ2
C2019-00314,2170651,374650109160001,MZ55 MONTEZUMA LBCPZ2
C2019-00314,2170651,374650109160001,MZ55 MONTEZUMA LBCPZ2
C2019-00314,2170651,374650109160001,MZ55 MONTEZUMA LBCPZ2
C2019-00314,2170651,374650109160001,MZ55 MONTEZUMA LBCPZ2
C2019-00314,2170651,374650109160001,MZ55 MONTEZUMA LBCPZ2
C2019-00314,2170651,374650109160001,MZ55 MONTEZUMA LBCPZ2
C2019-00314,2170651,374650109160001,MZ55 MONTEZUMA LBCPZ2
C2019-00314,2170651,374650109160001,MZ55 MONTEZUMA LBCPZ2
C2019-00314,2170651,374650109160001,MZ55 MONTEZUMA LBCPZ2
C2019-00314,2170651,374650109160001,MZ55 MONTEZUMA LBCPZ2
C2019-00314,2170658,374650109160001,MZ55 MONTEZUMA LBCPZ2
C2019-00314,2170658,374650109160001,MZ55 MONTEZUMA LBCPZ2
C2019-00314,2170658,374650109160001,MZ55 MONTEZUMA LBCPZ2
C2019-00314,2170658,374650109160001,MZ55 MONTEZUMA LBCPZ2
C2019-00314,2170658,374650109160001,MZ55 MONTEZUMA LBCPZ2
C2019-00314,2170658,374650109160001,MZ55 MONTEZUMA LBCPZ2
